1,Prof. Laisha,marianna.daniel@ezybarber.com,3,28,3,2,29,Yes,3,11,40,2,7
2,Raphaelle Schneider,dach.antonietta@mailpluss.com,2,44,1,2,46,Yes,41,2,23,2,6
3,Dr. Efren,steuber.albin@schule-breklum.de,1,34,3,6,26,Yes,43,3,11,6,5
4,Prof. Clyde,dwight.hermisto@cardkurd.com,5,31,3,3,74,No,2,4,19,11,2
5,Jacinto Bayer,kessler.verda@ffo.kr,5,50,3,5,68,Yes,4,12,19,10,5
6,Brianne Grant,jlehner@jagomail.com,2,31,1,6,47,Yes,1,12,23,12,7
7,Florida Kunde,brown.simeon@cardkurd.com,1,34,1,4,34,Yes,4,0,1,7,2
8,Louie Baumbach,zpouros@freeallapp.com,2,40,1,6,59,No,4,8,28,9,5
9,Dr. Terrill,clay20@recordar.site,4,22,1,1,20,No,29,5,16,9,5
10,Icie Lubowitz,wconsidine@esenlee.com,1,42,1,5,29,No,40,8,11,1,3
11,Ebony O'Keefe,ihintz@recordar.site,3,48,2,6,69,Yes,14,6,22,10,4
12,Jeramy Harber,fisher.sharon@rmune.com,3,30,3,1,44,No,8,4,9,11,6
13,Kellie Lebsack,geovanni.volkma@ladz.site,3,47,2,2,52,Yes,10,1,20,3,5
14,Arlene Pacocha,abbey.keebler@816qs.com,3,49,1,6,55,No,34,9,16,9,4
15,Corine Bernhard,klebsack@cloudscredit.com,2,26,3,2,5,No,16,5,6,5,4
16,Bernita Luettgen,kenyon63@drstshop.com,3,43,2,5,39,Yes,34,10,40,0,7
17,Ms. Elinor,showe@rmune.com,5,26,2,2,2,Yes,43,0,2,2,7
18,Prof. Eula,ppfannerstill@recordar.site,3,39,1,2,8,No,15,6,40,8,7
19,Queen Oberbrunner,zschneider@zaya.ga,1,28,1,3,20,No,16,6,19,5,6
20,Dr. Christina,diana.breitenbe@schule-breklum.de,5,25,3,3,62,No,12,9,20,11,5
21,Warren Green,jacobson.vince@debb.me,5,21,1,2,82,Yes,21,12,36,1,1
22,Mr. Fredrick,carroll.gunnar@buntatukapro.com,5,33,3,4,19,Yes,15,4,42,0,5
23,Joy Friesen,molly.spinka@kimachina.com,1,24,3,1,40,No,25,6,37,10,5
24,Eloy Barton,llewellyn21@rheiop.com,5,23,1,2,53,Yes,39,7,6,1,2
25,Imogene Fahey,elijah53@txtee.site,4,29,2,2,23,No,29,4,26,1,2
26,Ms. Mona,phegmann@snapboosting.com,5,39,1,5,55,Yes,9,0,17,2,4
27,Prof. Franz,ncollins@drstshop.com,1,35,2,1,28,No,24,0,16,10,3
28,Zelda Davis,velva77@buntatukapro.com,3,46,1,2,18,Yes,17,9,5,4,6
29,Keenan Kulas,alia52@asifboot.com,3,23,1,1,74,No,28,6,1,4,4
30,Sage Swaniawski,mrolfson@isueir.com,3,30,1,5,54,Yes,15,11,38,9,4
31,Dr. Moises,wolson@kimachina.com,5,23,1,5,26,No,15,10,38,6,6
32,Roberto Nolan,hirthe.stanford@gmailvn.xyz,2,43,1,2,65,Yes,35,12,18,0,7
33,Angeline Botsford,sigrid.bogan@osmye.com,4,28,2,2,29,No,37,1,16,9,5
34,Mr. Kurtis,jessika28@nkgursr.com,1,41,1,2,70,Yes,36,3,38,12,1
35,Mrs. Kassandra,hobart.schulist@ilrlb.com,5,39,3,6,18,Yes,20,7,36,4,2
36,Dr. Kody,gdare@suttal.com,2,31,2,4,7,Yes,32,9,9,3,7
37,Foster Parisian,cassin.camren@fernet89.com,1,31,3,6,63,No,43,2,39,3,5
38,Wilhelmine Treutel,royce.baumbach@gmailwe.com,2,31,2,3,77,No,43,12,43,7,6
39,Era Schaden,chelsey.prohask@cloudscredit.com,5,40,1,3,45,No,42,5,41,0,4
40,Dr. Shawn,norval51@greendike.com,4,49,1,1,21,Yes,15,3,20,4,7
41,Miss Katherine,abbey67@snapboosting.com,1,43,3,6,31,Yes,26,5,9,8,4
42,Ms. Roberta,jaiden73@ciatico.site,4,40,3,3,57,Yes,41,1,34,7,7
43,Brittany Carter,dickens.ignatiu@cheapnitros.com,4,50,2,6,39,Yes,29,2,14,11,4
44,Jedediah Gerhold,mayer.ocie@boranora.com,1,48,3,4,15,Yes,39,3,31,2,2
45,Miss Brandy,nbecker@kumpulanmedia.com,4,42,3,3,31,No,7,1,22,1,6
46,Mr. Francisco,ike.herman@piftir.com,1,24,3,1,80,No,8,7,40,12,1
47,Cleora Maggio,imarvin@ezybarber.com,1,44,3,1,26,Yes,8,8,5,8,2
48,Lia Wisoky,aflatley@recordar.site,5,35,3,6,33,Yes,24,5,21,7,6
49,Eunice Hilpert,rudolph.okon@hearourvoicetee.com,3,37,1,3,22,Yes,7,11,10,11,4
50,Mrs. Lenora,marty.purdy@mercantravellers.com,5,49,1,3,58,No,31,2,30,7,5
51,Dr. Rosendo,ursula08@vireonidae.com,2,25,2,1,4,No,8,3,37,6,3
52,Angelina Cassin,nsatterfield@eluvit.com,1,44,3,2,77,Yes,31,12,34,7,5
53,Prof. Efren,morar.paige@omdlism.com,2,32,2,5,66,Yes,19,9,10,6,4
54,Charlie Howell,kling.delphine@victorysvg.com,1,29,2,3,52,No,16,10,2,2,5
55,Damon Torphy,wintheiser.math@plexvenet.com,2,37,1,6,81,Yes,24,7,28,9,2
56,Reginald Ruecker,wyman.roma@tchoeo.com,5,22,1,2,54,No,42,8,4,11,3
57,Bryon Leffler,hipolito.rice@tchoeo.com,4,30,3,4,48,Yes,11,12,19,5,2
58,Prof. Amber,kenyatta42@greendike.com,3,39,3,3,41,Yes,38,5,33,1,5
59,Mr. Bret,kub.vernon@sewce.com,5,47,2,3,82,Yes,32,3,18,7,7
60,Beulah Monahan,tframi@eetieg.com,2,39,3,3,40,No,23,10,9,8,7
61,Marlene Hilll,kessler.nolan@btcmod.com,1,26,2,6,74,No,12,6,24,5,7
62,Kayla Hayes,damore.filibert@hotmail.red,1,44,3,3,15,No,25,1,34,8,3
63,Timmy Pollich,zlehner@v-mail.xyz,3,50,1,3,87,Yes,24,0,18,11,3
64,Annie Schimmel,greg.purdy@mphaotu.com,1,50,2,5,79,Yes,33,9,38,6,2
65,Bertrand Mann,loyal.stracke@sanalgos.site,3,36,2,1,15,Yes,1,1,3,3,5
66,Mrs. Stephany,aubree.carroll@sanalgos.site,3,44,3,4,77,Yes,1,0,16,9,2
67,Mekhi Lubowitz,stephany09@emvil.com,1,32,3,4,81,No,3,2,31,12,5
68,Prof. Sebastian,christiansen.je@ifrghee.com,3,36,1,4,48,Yes,19,4,36,4,3
69,Mr. Owen,champlin.rashaw@tunrahn.com,1,24,2,2,7,Yes,6,5,18,9,7
70,Ryder Nicolas,dgleason@ifrghee.com,2,33,1,2,28,Yes,3,11,4,2,2
71,Halie Koelpin,jacynthe.rolfso@isueir.com,2,30,2,6,47,Yes,24,11,11,4,2
72,Eladio Russel,cordell77@ladz.site,2,42,1,3,10,No,33,2,33,11,1
73,Tavares Schroeder,andrew.kuvalis@cloudscredit.com,4,28,2,2,39,No,13,3,28,11,1
74,Ted Rempel,amara76@greendike.com,3,28,2,2,2,Yes,11,3,42,0,3
75,Rico Bechtelar,kertzmann.mateo@ciatico.site,5,27,3,2,88,Yes,22,2,15,4,4
76,Sigurd Ortiz,switting@oygkt.com,2,50,2,3,56,No,18,12,14,2,7
77,Brando Stehr,callie.okuneva@hotmail.red,1,26,1,4,62,Yes,6,2,12,2,5
78,Perry Satterfield,schneider.emera@rheiop.com,4,38,1,1,42,Yes,41,11,8,1,1
79,Dr. Kole,mwaters@rheiop.com,1,27,1,4,24,Yes,33,10,29,10,2
80,Leif Koelpin,krajcik.jerry@ecallen.com,1,47,1,3,26,Yes,24,4,26,11,1
81,Ayana Koch,yjacobson@cloudscredit.com,5,30,2,2,6,No,9,8,39,11,7
82,Aurore Sanford,alana.haag@mexcool.com,2,48,1,6,23,No,37,6,21,9,7
83,Frederique Schinner,kelton53@kumpulanmedia.com,1,44,3,6,23,No,16,9,12,10,2
84,Major Kreiger,stephon.goldner@snapboosting.com,4,22,1,1,76,Yes,1,9,42,4,2
85,Gilda Heller,jschneider@gmailvn.xyz,3,41,2,6,84,No,38,9,24,9,3
86,Dr. Curtis,julio.rogahn@sanalgos.site,3,44,1,2,25,Yes,2,0,35,4,2
87,Margie Hermiston,arlo.mann@sanalgos.site,5,35,1,5,1,Yes,29,10,37,12,6
88,Elza Balistreri,kparker@sewce.com,3,26,2,2,75,No,36,4,34,10,1
89,Abdul Emmerich,pearlie.koelpin@mexcool.com,2,48,3,6,25,No,39,6,31,1,4
90,Karen Terry,virginia.cronin@taatfrih.com,5,39,1,4,3,Yes,20,3,41,3,2
91,Sabina O'Reilly,efren.fritsch@yt-google.com,4,42,3,6,83,Yes,13,5,16,1,4
92,Doyle Medhurst,angelina42@cheapnitros.com,5,33,1,1,2,Yes,20,5,30,4,1
93,Betty Roberts,dallas.schaden@ffo.kr,4,50,1,3,32,Yes,17,10,25,12,3
94,Mr. Lane,dorris42@v-mail.xyz,3,22,1,4,27,No,29,0,36,9,1
95,Enos McKenzie,lesch.isobel@victorysvg.com,2,47,3,4,6,No,38,12,23,3,6
96,Prof. Rowena,declan.mueller@bai47.com,2,44,1,6,72,Yes,31,6,15,8,4
97,Maiya Brown,dhauck@gmailvn.net,3,21,2,5,6,No,1,7,25,6,7
98,Bradford Schmitt,mtreutel@victorysvg.com,4,50,2,4,42,No,20,10,38,1,5
99,Asa Kautzer,teresa.beier@kumpulanmedia.com,4,24,1,2,85,No,29,3,38,12,4
100,Cali Orn,wyman.linnea@tnooldhl.com,3,32,3,4,66,Yes,3,6,31,1,7
101,Miss Retha,kcollier@recordar.site,1,46,2,3,59,Yes,3,12,33,9,6
102,Maria Vandervort,earnest.willms@tunrahn.com,2,47,1,1,50,No,1,6,36,12,2
103,Sadye Kiehn,alden.gottlieb@buntatukapro.com,1,42,3,1,52,No,20,10,2,1,2
104,Concepcion Schaefer,llebsack@eluvit.com,4,36,1,3,58,No,26,4,40,9,3
105,Ms. Maye,roosevelt.strei@systechmail.com,4,38,3,5,19,No,1,2,1,3,3
106,Mr. Maximus,johnny63@hdtniudn.com,3,41,2,3,28,Yes,38,5,33,7,6
107,Darrion Kerluke,xmedhurst@suttal.com,3,30,3,1,75,No,38,9,19,9,5
108,Dr. Zelda,kasandra98@tnooldhl.com,1,41,1,6,12,No,16,12,33,11,7
109,Alena Fisher,yfeest@esenlee.com,1,29,3,4,32,Yes,33,2,17,11,4
110,Sierra Streich,hessel.deven@bookue.site,2,39,3,5,81,Yes,21,6,24,6,3
111,Anita Wuckert,yessenia.littel@systechmail.com,4,37,2,4,10,Yes,8,3,19,1,4
112,Edmund Jenkins,judy.huel@emvil.com,1,21,2,6,60,Yes,13,8,21,7,4
113,Amparo Hoppe,vaughn.bartolet@victorysvg.com,4,50,2,4,9,Yes,15,0,26,10,7
114,Jeanne Moore,hruecker@gmailvn.xyz,2,27,2,4,31,Yes,41,2,31,12,5
115,Miss Magali,garrick58@cloudscredit.com,5,48,1,2,78,Yes,41,7,18,8,4
116,Dr. Tristin,yoconnell@eiibps.com,2,49,2,3,11,No,38,0,26,2,5
117,Megane Stracke,brosenbaum@pdfrl.site,2,26,3,6,66,No,38,2,41,12,3
118,Antone Boehm,hmohr@tnooldhl.com,3,40,1,3,88,No,11,6,38,10,7
119,Prof. Sean,margret.koss@hotmail.red,2,41,2,6,57,No,37,4,33,0,5
120,Gennaro Pacocha,weber.jeramy@hotmail.red,2,33,3,4,61,No,3,4,33,5,3
121,Lillian Larson,trevion.hyatt@hungta2.com,2,23,2,2,33,No,35,9,31,9,3
122,Moriah Hammes,tyra59@boranora.com,4,43,1,1,2,Yes,18,5,15,8,3
123,Mrs. Katheryn,judge66@ilrlb.com,3,26,2,5,16,No,43,1,4,2,4
124,Shania Schultz,rice.brennon@debb.me,3,39,1,1,28,No,21,11,39,4,5
125,Mona McClure,vidal.brown@esenlee.com,3,38,2,5,71,Yes,35,0,16,1,2
126,Brenna Sipes,cgreenfelder@azwev.site,3,38,1,4,3,Yes,42,8,33,12,7
127,Prof. Cyrus,pbosco@isueir.com,2,49,2,2,81,No,14,12,34,12,6
128,Ulices O'Reilly,hbarton@tchoeo.com,3,32,3,1,38,No,22,9,36,7,7
129,Anibal Gutkowski,zstark@kumpulanmedia.com,2,23,1,4,17,No,39,8,11,10,2
130,Izabella Crist,daren.wyman@eiibps.com,2,34,2,1,1,No,43,7,12,11,3
131,Brandyn Predovic,marcellus28@ladz.site,5,31,1,5,61,No,3,2,7,2,5
132,Chaim Gulgowski,soledad92@hotmail.red,4,44,1,6,44,Yes,7,4,9,11,7
133,Richard Hammes,demario62@hanzganteng.tk,5,29,3,2,51,Yes,10,10,2,9,2
134,Prof. Travis,nolan.muller@eiibps.com,3,39,2,3,2,Yes,42,1,23,7,7
135,Mr. Jeramy,cdooley@esenlee.com,4,28,2,1,79,Yes,11,1,15,6,4
136,Miss Yvette,erich67@isueir.com,3,50,1,4,71,Yes,40,7,5,10,7
137,Lisa Leuschke,meta.rice@buntatukapro.com,5,44,1,2,32,Yes,32,7,4,6,2
138,Bridgette Kub,reyes.walter@icenhl.com,4,28,1,1,75,No,9,2,38,3,2
139,Ms. Melyna,desmond81@greendike.com,5,36,3,6,5,Yes,36,5,25,4,7
140,Prof. Nelda,nora.watsica@sewce.com,2,31,1,2,76,Yes,2,2,6,5,2
141,Manuela Jerde,heller.mossie@bai47.com,3,39,2,1,71,No,28,9,33,3,7
142,Declan Kerluke,wreynolds@esenlee.com,3,38,1,4,26,No,41,10,20,2,3
143,Wilbert Rodriguez,lew.smith@nonise.com,3,25,3,5,22,No,1,8,34,7,3
144,Madonna Kemmer,bernie96@icenhl.com,3,41,1,3,48,Yes,13,0,20,10,1
145,Nick O'Reilly,francisca30@buntatukapro.com,5,31,3,6,21,Yes,34,3,39,4,3
146,Ken Corkery,gerhold.kaden@greendike.com,4,26,3,3,34,No,14,5,11,1,4
147,Miss Melba,phoebe99@sewce.com,3,43,2,6,14,No,14,2,21,7,4
148,Larry Volkman,susan.leffler@greendike.com,4,49,1,1,43,No,8,5,15,9,2
149,Prof. Tracey,frieda.brakus@ladz.site,3,24,3,3,41,No,5,3,8,9,3
150,Oleta Kuvalis,reynolds.rosali@omdlism.com,2,34,3,2,9,No,25,0,7,11,6
151,Arne VonRueden,beatty.darrell@pdfrl.site,5,47,1,4,75,Yes,39,10,16,4,1
152,Fatima Robel,zemlak.rudolph@wpdork.com,5,41,3,5,89,No,26,0,12,12,3
153,Callie McKenzie,sleffler@mitakian.com,4,37,2,2,76,No,18,3,11,5,7
154,Laverne Murphy,bernadette92@cloudscredit.com,4,46,2,4,20,Yes,14,0,21,3,7
155,Kenny Hamill,welch.alvina@nbobd.com,3,39,1,3,64,No,25,6,16,9,4
156,Dr. Eloise,ostreich@crpotu.com,5,35,1,2,11,Yes,8,6,17,6,7
157,Emma Ferry,audie.carter@piftir.com,2,46,3,1,25,Yes,2,1,20,7,7
158,Juvenal Howe,rafaela.braun@nbobd.com,5,46,3,4,80,No,19,1,38,11,5
159,Leonard Kuhlman,mayert.wiley@pdfrl.site,2,32,1,2,54,No,14,10,32,7,2
160,Rogers Jenkins,danika.heidenre@ulummky.com,2,41,2,6,2,No,37,0,7,0,5
161,Dameon Blanda,cpouros@debb.me,3,22,2,5,74,No,27,9,12,4,3
162,Ned McCullough,robyn.white@wpdork.com,3,41,2,1,72,No,14,11,11,3,5
163,Dr. Shyann,gislason.yasmin@zipeo.site,3,38,2,3,47,No,35,5,8,1,1
164,Mr. Malcolm,reilly.antonina@piftir.com,1,25,3,2,47,Yes,40,10,27,7,7
165,Gustave Bartell,qrodriguez@fixthisrecipe.com,5,34,1,1,29,No,4,1,8,6,4
166,Dr. Novella,abner38@ecallen.com,1,22,3,3,44,Yes,11,6,35,9,7
167,Miss Kavon,gardner19@24hinbox.com,1,32,3,3,62,No,39,11,14,4,6
168,Kyle Boyle,grant.laurel@eetieg.com,3,47,2,1,87,No,35,7,28,11,2
169,Fae Lind,jermain.stanton@tchoeo.com,5,22,1,3,20,No,22,9,22,8,3
170,Carlo Hintz,terry.dare@cloudscredit.com,4,37,1,6,40,No,35,2,6,12,2
171,Dr. Ryan,lokuneva@hungta2.com,1,29,2,1,23,No,12,4,39,0,7
172,Dr. Deontae,gmckenzie@eetieg.com,4,38,3,4,74,Yes,21,10,6,7,7
173,Mariela Kuhn,wava12@antawii.com,1,23,1,3,69,No,35,2,29,12,5
174,Deion Hegmann,maida.pacocha@gmailvn.net,4,33,3,1,22,Yes,7,4,28,12,1
175,Trisha Kilback,makenna.labadie@golviagens.com,1,25,3,4,63,No,2,0,28,4,3
176,Dr. Camron,ytoy@eetieg.com,3,43,1,4,80,Yes,34,9,18,9,2
177,Paxton Deckow,mokon@boranora.com,5,47,1,3,83,No,41,10,16,1,7
178,Lelia Oberbrunner,annette.carter@jagomail.com,5,30,1,4,38,No,29,2,37,5,1
179,Lavon Ritchie,wisoky.elroy@ladz.site,1,43,2,3,15,Yes,36,6,28,12,5
180,Prof. Terrill,lynn03@tchoeo.com,5,34,3,3,9,No,3,3,43,11,5
181,Mr. Vidal,gorczany.ulises@24mail.top,2,25,2,5,69,Yes,11,11,5,2,4
182,Darrion Mills,durgan.ardella@24mail.top,3,42,3,4,83,Yes,29,2,12,1,5
183,Heaven Schmidt,walter.elenora@bedulsenpai.net,2,38,3,1,84,Yes,35,10,13,8,1
184,Christa Bergstrom,riley.heaney@ilrlb.com,5,40,3,4,19,No,21,10,36,11,1
185,Carley Schumm,collier.filomen@rheiop.com,5,41,2,3,72,Yes,21,2,8,1,1
186,Miss Dixie,maia.kuhic@yt-google.com,3,27,3,4,83,Yes,10,9,28,4,2
187,Brendon Vandervort,miller.kenyon@rheiop.com,1,23,2,5,19,No,17,11,8,3,4
188,Webster Wolff,elisha.miller@eluvit.com,5,37,2,1,27,No,12,9,42,0,7
189,Norval Conroy,emmerich.queen@omdlism.com,3,50,1,4,54,Yes,7,11,34,1,3
190,Prof. Amina,wiegand.eva@antawii.com,5,45,3,3,18,Yes,14,0,43,12,2
191,Prof. Isaac,brook.erdman@hotmail.red,2,46,3,2,81,Yes,20,8,29,5,5
192,Dr. Chad,thodkiewicz@cloudscredit.com,1,31,1,3,9,No,36,0,21,11,3
193,Oma Rosenbaum,randal.kuhlman@kenvanharen.com,1,40,1,3,78,No,36,3,39,10,2
194,Mr. Mark,okuneva.guy@rheiop.com,4,43,2,5,68,Yes,7,2,38,7,4
195,Prof. Keaton,konopelski.gerd@hcfmgsrp.com,4,34,1,3,22,Yes,16,6,24,9,4
196,Prof. Selmer,vupton@zaya.ga,3,49,2,2,13,Yes,12,5,30,2,3
197,Thelma Runte,grady09@gmailvn.xyz,1,39,3,6,83,Yes,17,10,11,5,5
198,Alanis Keebler,hansen.tristin@gmailwe.com,4,21,2,4,84,No,3,1,8,7,3
199,Prof. Melyna,gutkowski.jauni@victorysvg.com,1,43,1,4,41,Yes,33,2,8,5,7
200,Lucas Parker,garrick.hirthe@wpadye.com,3,32,3,1,36,Yes,1,0,41,3,5
201,Dr. Breana,simonis.margret@cloudscredit.com,1,41,2,6,75,Yes,16,10,24,9,1
202,Lillian Sauer,grayce98@mercantravellers.com,1,29,2,4,37,No,22,7,4,1,7
203,Coby Bernier,sauer.brittany@antawii.com,2,33,3,1,57,Yes,11,7,31,9,6
204,Dr. Kimberly,weissnat.amiya@luddo.me,3,40,3,2,15,No,8,5,25,9,4
205,Nick Cartwright,lawson.koelpin@gmailvn.net,4,26,3,1,5,No,37,2,14,3,5
206,Camren Koelpin,hayes.sadye@zaya.ga,3,38,3,1,50,Yes,6,1,2,6,2
207,Prof. Friedrich,richmond14@nbobd.com,2,45,2,3,11,No,29,7,39,4,4
208,Dr. Jayden,alejandra.jakub@ffo.kr,2,43,1,3,36,Yes,27,9,12,0,6
209,Katarina Lesch,aubrey.howe@colevillecapital.com,3,21,2,1,38,Yes,12,12,37,5,7
210,Alison Streich,ebuckridge@colevillecapital.com,1,49,2,3,71,No,37,7,6,11,5
211,Trevion Hagenes,itromp@ladz.site,2,33,3,4,64,Yes,43,10,6,0,4
212,Prof. Forest,dhilll@emvil.com,2,29,3,5,57,No,9,4,14,5,4
213,Evelyn Pacocha,jameson84@ecallen.com,2,34,2,2,39,Yes,4,12,26,1,5
214,Prof. Verlie,wgorczany@ciatico.site,2,42,3,6,76,Yes,42,9,19,12,6
215,Dr. Jules,heaven03@ichstet.com,4,40,2,6,39,Yes,3,5,17,6,3
216,Randi Quitzon,goodwin.vicenta@schule-breklum.de,1,43,3,2,84,No,31,0,17,6,6
217,Prof. Rafael,anibal21@ilrlb.com,4,31,3,1,67,Yes,15,10,12,7,1
218,Harold Smith,mcglynn.vergie@ichstet.com,4,34,2,6,34,No,39,3,29,5,3
219,Laury Renner,gleichner.uriah@mailpluss.com,5,36,1,5,64,Yes,5,10,12,9,2
220,Elnora Thompson,von.ralph@boranora.com,1,44,2,2,84,Yes,10,12,23,11,3
221,Ms. Pearline,huels.justyn@esenlee.com,4,45,1,1,43,No,5,4,9,11,7
222,Dr. Nelda,hoppe.jolie@ffo.kr,2,48,2,4,42,Yes,12,8,33,6,1
223,Adriel Durgan,mpagac@cloudscredit.com,5,43,2,1,19,No,2,3,28,0,4
224,Yadira Bogisich,lwuckert@esenlee.com,2,30,2,4,27,No,17,9,35,6,2
225,Darby Wehner,zackary.bergstr@btcmod.com,1,31,1,3,69,Yes,22,11,31,10,4
226,Ara Moore,antonette.cummi@ifrghee.com,1,22,3,2,49,Yes,8,3,28,0,1
227,Hyman Cronin,douglas54@24hinbox.com,4,25,1,4,80,No,27,3,35,5,3
228,Breana Glover,allene.pfeffer@24hinbox.com,5,49,1,4,44,No,32,10,3,7,5
229,Ophelia Murazik,cassin.kendra@kimachina.com,4,25,3,5,36,Yes,2,4,21,6,6
230,Delpha Jacobson,ankunding.jordo@esenlee.com,1,36,2,6,57,No,36,10,5,4,4
231,Dr. Jaylon,frederick.johns@wpadye.com,2,41,1,5,21,No,42,9,30,12,2
232,Nakia Kulas,kris.antwan@jagomail.com,2,46,3,1,36,Yes,19,7,22,5,6
233,Gerald Rowe,freida69@eetieg.com,2,34,2,3,82,No,10,12,43,0,5
234,Geovanni Brakus,horace.volkman@rheiop.com,3,43,1,6,58,No,24,3,4,12,6
235,Ms. Julianne,lueilwitz.desta@hotmail.red,2,33,3,6,2,Yes,39,10,2,4,5
236,Jarvis Kunde,dewitt.cronin@gmailvn.net,5,24,1,3,80,No,40,7,21,1,3
237,Dina Larkin,bbecker@eetieg.com,4,43,3,6,64,Yes,21,4,24,1,1
238,Kamron Gerhold,qlabadie@hanzganteng.tk,3,29,1,2,28,No,24,11,28,9,7
239,Aurelia Pfeffer,lubowitz.cassid@ilrlb.com,5,28,3,2,28,Yes,24,2,5,10,7
240,Otis Welch,hpfannerstill@24hinbox.com,5,42,1,1,88,Yes,1,2,12,11,5
241,Jaylin Muller,bmante@omdiaco.com,1,24,1,3,46,No,21,2,19,12,1
242,Dr. Tyree,dsanford@ffgrn.com,1,40,2,5,81,No,12,0,31,10,3
243,Freeman Bartoletti,zcollier@hotmail.red,5,25,1,1,46,No,3,9,4,4,2
244,Mrs. Ashlynn,ernestine.scham@kimachina.com,4,44,2,5,74,Yes,10,11,8,12,6
245,Marian Spinka,hermiston.emile@colevillecapital.com,3,30,2,5,45,Yes,42,7,19,2,4
246,Prof. Bo,trantow.janet@omdlism.com,5,36,2,3,61,Yes,19,11,22,4,7
247,Mr. Preston,howell.jaron@hanzganteng.tk,4,34,2,2,74,No,31,7,15,12,4
248,Prof. Julien,hansen.rachael@eatneha.com,3,32,1,4,68,Yes,26,3,19,10,5
249,Giles Mitchell,marcos14@rheiop.com,3,36,3,3,30,No,26,1,23,2,1
250,Alta Schinner,scotty70@mercantravellers.com,3,35,3,2,74,Yes,27,8,37,9,2
251,Miss Kristina,summer.wehner@kimachina.com,2,47,3,2,15,Yes,38,5,34,9,2
252,Prof. Lane,welch.urban@gmailvn.net,3,43,3,3,55,Yes,29,0,43,10,2
253,Mr. Gilbert,vesta.bogan@ifrghee.com,2,44,3,5,34,No,38,1,27,7,1
254,Berenice Hartmann,mafalda41@kimsangung.com,4,29,3,1,86,No,41,3,17,10,3
255,Lukas Mueller,owalter@drstshop.com,4,23,2,5,4,Yes,35,0,23,1,7
256,Hailey McCullough,cbarrows@ifrghee.com,2,47,1,4,22,Yes,1,2,24,10,1
257,Prof. Buster,block.rocio@gmailvn.net,5,38,2,5,82,No,12,11,30,6,4
258,Kassandra Kozey,dryan@ciatico.site,1,21,3,6,61,Yes,10,7,28,6,6
259,Prof. Aleen,lera52@eluvit.com,4,34,2,2,49,Yes,14,0,23,5,6
260,Mrs. Verda,dkutch@tnooldhl.com,4,23,1,1,64,Yes,17,2,28,3,7
261,Hollis Rowe,dickinson.briel@eetieg.com,5,47,1,2,6,No,17,3,33,10,1
262,Mrs. Laurine,lhyatt@kimsangung.com,4,46,3,2,55,No,40,2,31,6,1
263,Shirley Eichmann,mona.cronin@cardkurd.com,4,24,2,5,59,No,9,8,8,4,6
264,Justine Morar,vchamplin@24hinbox.com,2,27,2,4,15,No,29,12,22,0,2
265,Billy Walter,dgoyette@hcfmgsrp.com,1,36,2,4,46,Yes,19,0,29,12,3
266,Prof. Elenora,easton24@golviagens.com,5,34,2,4,20,No,19,3,1,6,3
267,Lia Hoeger,garrison.jerde@ffo.kr,1,21,2,5,82,Yes,26,7,20,5,4
268,Dr. Rylee,dylan61@omdlism.com,4,25,3,3,82,Yes,38,7,39,3,3
269,Eveline Rowe,wkerluke@esenlee.com,4,47,1,2,18,No,30,12,28,9,4
270,June Yost,yondricka@lompikachi.com,4,39,3,1,89,No,5,1,17,3,1
271,Prof. Abdullah,rita.parisian@nugastore.com,1,46,1,3,75,No,1,3,7,9,6
272,Ramiro Cartwright,itzel.goldner@hotmail.red,2,49,1,3,38,Yes,32,6,25,5,7
273,Jefferey Doyle,grady.wanda@bedulsenpai.net,4,39,1,6,31,No,39,2,31,8,7
274,Dr. Leonardo,emelia.runolfsd@nugastore.com,3,31,2,6,84,No,28,3,38,6,7
275,Amir Crona,vlebsack@jagomail.com,4,25,2,6,42,No,15,12,8,3,7
276,Laurie McGlynn,margot88@ifrghee.com,3,42,2,2,31,Yes,25,9,27,12,2
277,Abdullah Franecki,altenwerth.fred@omdlism.com,1,41,1,3,48,Yes,18,9,33,11,1
278,Dr. Vaughn,fblock@wpadye.com,4,34,2,2,71,No,40,9,41,6,3
279,Miss Rhea,knikolaus@hotmail.red,3,36,1,5,13,Yes,19,11,32,0,6
280,Margot Bayer,vokeefe@cloudscredit.com,4,42,3,3,88,Yes,19,11,13,3,6
281,Milan Bayer,oprohaska@eatneha.com,4,28,1,6,58,Yes,34,12,41,2,4
282,Prof. Angelina,jade55@eatneha.com,1,22,2,3,68,No,42,4,20,2,2
283,Danyka Reilly,edaugherty@jagomail.com,4,21,2,3,82,No,43,2,24,5,1
284,Sandra Watsica,mshields@rheiop.com,4,26,2,5,57,Yes,43,9,2,2,2
285,Zoila Steuber,karelle27@gmailpro.gq,2,22,3,1,42,No,42,10,23,10,1
286,Camila Little,maggie.daughert@beinger.me,1,41,2,2,2,No,34,10,25,3,2
287,Kaylee Goodwin,odavis@santonicrotone.it,5,47,1,6,87,No,34,2,35,8,3
288,Alden Wiegand,barton.alphonso@gmailvn.net,3,22,3,5,1,No,36,4,4,2,7
289,Kaitlin Ullrich,nat.bailey@eluvit.com,4,32,1,4,59,Yes,38,7,11,8,5
290,Mrs. Emmanuelle,pfannerstill.ev@hanzganteng.tk,5,47,1,1,5,No,40,6,2,11,7
291,Dr. Pearl,kstreich@rheiop.com,1,25,2,1,14,No,15,11,13,2,1
292,Mr. Derek,ledner.nicholas@nugastore.com,4,26,3,1,79,No,42,9,33,7,5
293,Jessica Labadie,llewellyn13@rheiop.com,5,24,1,5,75,Yes,36,12,32,3,6
294,Juvenal Shields,franecki.itzel@recordar.site,4,37,1,2,2,No,7,3,14,3,6
295,Dudley Swift,alexis.mayert@oreple.com,1,21,3,3,35,Yes,38,5,40,2,3
296,Dr. Geovany,tjerde@crpotu.com,2,42,3,2,76,Yes,18,4,30,2,6
297,Emanuel Fisher,nat.bednar@sharyndoll.com,1,36,2,5,73,Yes,16,2,10,5,2
298,Mrs. Aditya,pleffler@isueir.com,2,33,2,1,59,Yes,24,0,39,12,6
299,Viviane Jacobi,ortiz.hulda@schule-breklum.de,3,34,1,1,64,Yes,25,5,39,5,7
300,Foster Keebler,ashtyn18@gltrrf.com,2,37,1,5,82,No,36,2,34,1,4
301,Miss Bailee,djenkins@nalsci.com,1,29,3,1,40,No,20,11,7,9,1
302,Mr. Allan,nikolaus.bart@email-temp.com,5,39,2,6,31,No,34,10,36,8,3
303,Mr. Monty,crolfson@hotmail.red,1,23,2,4,47,Yes,15,10,34,4,1
304,Marjolaine Miller,cgislason@omdiaco.com,5,48,3,1,27,No,17,0,8,8,2
305,Jalyn Hermann,lyla99@crpotu.com,1,21,1,2,31,Yes,38,3,16,1,7
306,Jamaal Mayer,sauer.summer@jagomail.com,5,28,3,4,24,Yes,18,12,43,7,2
307,Ms. Fatima,eldon.barton@hasevo.com,3,39,2,6,75,Yes,30,0,3,7,4
308,Jonas Mante,adams.kylie@luddo.me,4,27,2,3,25,No,5,12,8,0,1
309,Katrine Botsford,bethel07@nugastore.com,4,25,1,5,79,No,34,2,28,12,5
310,Cassidy Nienow,letha79@kimachina.com,1,22,1,3,12,No,15,4,16,4,1
311,Olaf Prosacco,dandre11@nalsci.com,1,50,3,5,59,No,9,4,3,4,1
312,Mr. Wilburn,craig.volkman@nugastore.com,5,21,2,2,28,Yes,41,6,7,1,3
313,Kale Spinka,kunde.walton@crpotu.com,2,27,1,1,58,No,14,11,41,1,1
314,Shaylee Pollich,lang.iliana@hanzganteng.tk,4,27,3,3,44,No,11,4,12,12,1
315,Ruben Wiegand,jewell.schmidt@eetieg.com,1,47,3,4,2,No,12,2,13,2,7
316,Robbie Swaniawski,aubrey.rowe@mexcool.com,4,49,1,1,8,Yes,39,10,31,3,1
317,Prof. Verda,alexie.cormier@24mail.top,2,23,1,3,66,No,35,1,25,8,6
318,Major Jerde,nstiedemann@hasevo.com,1,37,1,5,6,Yes,31,12,7,2,7
319,Germaine Ortiz,gleichner.donav@rheiop.com,4,32,2,3,84,No,31,0,37,5,3
320,Susan Kuvalis,wilderman.thora@rtfie.site,1,45,3,4,73,Yes,21,10,36,9,1
321,Carmen Stoltenberg,swilderman@sharyndoll.com,5,33,2,4,85,No,22,7,17,12,7
322,Flo Davis,durgan.austin@eluvit.com,4,42,1,2,62,Yes,11,10,24,1,3
323,Retta Rodriguez,carlo49@pharmafactsforum.com,1,39,3,1,18,No,23,7,40,2,3
324,Obie Kuvalis,harris.luciano@esenlee.com,3,48,1,5,16,Yes,14,10,5,12,2
325,Maxine Bernhard,izaiah58@isueir.com,2,26,2,3,49,No,27,4,39,12,4
326,Troy Keebler,anais66@yt-google.com,2,36,2,6,48,No,16,8,17,12,3
327,Ollie Rowe,hilll.kitty@dluerei.com,4,49,2,5,56,No,29,8,43,10,4
328,Ambrose Wilderman,nschiller@cheapnitros.com,4,47,3,4,13,Yes,23,0,41,10,2
329,Earl Rau,dariana10@onlinecmail.com,5,40,1,2,22,No,36,9,32,2,1
330,Susan Nicolas,brain.nitzsche@uioct.com,2,46,3,3,42,No,6,7,22,12,3
331,Agnes Goyette,vprosacco@schule-breklum.de,2,29,1,3,13,Yes,39,5,24,2,2
332,Stephon Brakus,vhessel@eiibps.com,3,40,2,4,5,Yes,11,2,17,6,4
333,Manuela Wyman,ismael94@uhpanel.com,2,30,3,6,31,Yes,30,2,19,12,1
334,Ian Harris,ankunding.chels@uhpanel.com,4,34,3,1,31,Yes,43,9,12,0,6
335,Miss Catalina,skiles.mayra@eiibps.com,2,38,2,5,78,Yes,25,12,40,1,3
336,Mr. Friedrich,hintz.kevon@hotmail.red,4,33,2,1,82,Yes,12,5,8,9,4
337,Miss Wilhelmine,arlo.willms@paiucil.com,2,45,1,5,59,Yes,22,3,42,5,5
338,Franz Daniel,cody.ferry@cloudscredit.com,2,40,2,1,48,No,22,10,41,5,1
339,Zelda Schmitt,piper.ernser@pickuplanet.com,1,48,2,4,85,Yes,17,12,35,5,5
340,Charlene Franecki,leannon.winfiel@uioct.com,4,38,3,4,26,No,13,12,25,0,6
341,Vidal Stracke,homenick.ford@rheiop.com,2,34,2,1,51,No,32,2,20,8,6
342,Nathen Kiehn,oullrich@onlinecmail.com,3,47,3,5,42,No,15,9,23,3,4
343,Lenna Lesch,carole.bergstro@drstshop.com,5,40,1,5,65,Yes,39,5,6,5,3
344,Loy Wintheiser,maurine02@eiibps.com,5,47,1,2,19,No,42,5,38,0,5
345,Kasey Fay,jo.watsica@ffo.kr,2,41,2,1,8,Yes,35,5,35,1,7
346,Prof. Nolan,xjaskolski@hotmail.red,4,49,3,6,38,Yes,3,11,37,10,6
347,Miss Una,considine.hudso@budgermile.rest,3,40,3,3,83,Yes,13,4,18,3,4
348,Waylon Boyle,demetrius.funk@btcmod.com,5,31,2,4,59,Yes,34,9,15,1,3
349,Carmelo Bruen,loren.shanahan@dluerei.com,1,45,1,3,62,No,27,8,27,4,7
350,Dr. Lillie,wschuster@kimachina.com,3,28,1,3,63,Yes,32,6,11,5,3
351,Virgie Kuphal,weimann.otha@packiu.com,2,41,3,4,22,Yes,22,1,1,3,5
352,Lessie Stehr,fweber@uioct.com,1,48,1,1,79,Yes,4,9,20,12,6
353,Alexane Hegmann,madalyn.becker@dluerei.com,3,21,3,6,66,No,22,5,25,8,3
354,Ivy Halvorson,marvin52@btcmod.com,3,31,1,5,18,No,31,9,5,11,4
355,Niko Gusikowski,jaron89@ffo.kr,1,44,2,6,41,No,15,7,8,9,4
356,Roger Nolan,hlangosh@rheiop.com,5,27,3,4,2,No,39,5,15,1,7
357,Dr. Magali,luettgen.domini@paiucil.com,4,33,3,5,30,Yes,29,6,22,7,4
358,Alexa Hane,dbailey@bedulsenpai.net,5,45,2,1,63,Yes,43,0,36,12,1
359,Marianne Torphy,myrtie19@schule-breklum.de,4,37,3,5,8,Yes,37,11,34,7,5
360,Eloise Cole,bauch.billy@colevillecapital.com,2,32,2,3,84,Yes,1,2,16,11,7
361,Wilhelmine Russel,ublock@emvil.com,1,49,1,1,36,Yes,8,1,31,2,4
362,Avis Fay,alek.borer@eiibps.com,3,33,2,2,29,Yes,33,5,42,3,7
363,Saige Schulist,ludwig48@schule-breklum.de,2,26,1,1,16,Yes,19,1,32,6,4
364,Pinkie Johnston,ynolan@mailpluss.com,4,45,1,4,7,No,13,10,10,9,4
365,Salma Connelly,nicolette60@isueir.com,1,24,3,3,73,No,31,0,37,7,2
366,Zoila Bogisich,casper.kutch@24hinbox.com,1,37,1,1,74,No,10,0,28,3,6
367,Keegan Erdman,bauch.travon@isueir.com,4,22,1,6,44,No,38,3,4,2,1
368,Susie Jenkins,missouri.torphy@uioct.com,2,43,2,1,10,Yes,29,7,5,4,4
369,Paolo Rolfson,orval35@yt-google.com,3,48,1,6,15,Yes,27,6,29,10,7
370,Lurline McDermott,bbrekke@hanzganteng.tk,3,27,3,6,34,Yes,37,0,41,10,3
371,Oma Johnson,giles.conroy@sharyndoll.com,3,34,2,6,78,No,32,5,30,2,3
372,Bradley Beier,hortense78@snapboosting.com,1,50,1,5,75,No,33,11,30,11,7
373,Alphonso West,marks.alize@wpdork.com,3,26,2,6,65,Yes,36,1,21,8,1
374,Dr. Jeramy,qhaag@gmailpro.gq,4,23,1,4,31,No,2,4,35,2,6
375,Augustus Kling,amya29@boranora.com,1,48,1,3,81,Yes,24,7,32,0,7
376,Miss Lolita,rippin.izabella@onlinecmail.com,4,42,2,4,24,No,15,1,33,9,4
377,Major Waters,darrick.hoppe@optmails.xyz,5,24,1,1,82,No,37,11,3,7,3
378,Miss Emmanuelle,oral.wiza@816qs.com,1,49,3,4,33,Yes,35,3,16,1,5
379,Miss Hanna,tremayne61@ffo.kr,1,39,3,2,67,No,3,11,15,4,3
380,Verner Jacobson,yupton@pickuplanet.com,3,26,1,4,12,No,18,8,17,3,1
381,Freida Schamberger,adrien34@gmailwe.com,2,38,3,5,16,Yes,22,4,38,6,4
382,Sigurd Buckridge,giovanny.rogahn@hotmail.red,3,41,1,3,24,No,39,7,6,5,7
383,Mr. Jasen,meaghan46@beinger.me,5,39,1,1,19,Yes,23,2,41,3,7
384,Nick Bechtelar,lucienne25@sharyndoll.com,3,41,2,5,51,No,38,4,40,7,1
385,Betty Gutkowski,colten76@gmailpro.gq,4,41,3,1,38,No,13,9,39,5,4
386,Dr. Dakota,kerluke.ida@beinger.me,5,35,3,4,80,No,14,2,30,1,2
387,Ceasar Upton,upton.mark@eatneha.com,3,31,3,4,4,Yes,40,1,9,5,2
388,Emily Feest,powlowski.beula@drstshop.com,4,46,2,4,50,No,20,6,7,3,4
389,Kameron Crist,sallie93@pickuplanet.com,1,29,3,2,56,Yes,16,0,34,3,5
390,Ms. Rachel,tturner@pickuplanet.com,3,34,3,1,3,No,18,3,1,6,7
391,Maureen Rau,jaycee.vonruede@sharyndoll.com,2,28,3,2,74,No,39,8,38,11,2
392,Asa Rippin,pboyle@eiibps.com,1,35,1,3,73,No,37,0,3,7,4
393,Dr. Laverna,dietrich.lucas@gmailpro.gq,1,48,1,5,85,No,4,5,5,11,7
394,Prof. Eveline,adrienne.bartol@devfiltr.com,2,47,1,2,9,Yes,4,10,20,4,7
395,Sophia Altenwerth,oran21@ilrlb.com,3,41,1,4,83,No,15,5,1,4,3
396,Brett Simonis,aledner@onlinecmail.com,3,36,1,5,20,No,36,10,36,0,1
397,Albertha Macejkovic,schneider.winst@colevillecapital.com,4,38,3,6,28,Yes,13,0,13,10,3
398,Prof. Beau,dolly18@sharyndoll.com,4,34,3,2,34,No,32,4,20,10,1
399,Ruben O'Conner,yhodkiewicz@gmailwe.com,1,30,1,3,40,Yes,15,6,41,7,1
400,Dr. Arnoldo,araynor@colevillecapital.com,5,49,1,6,3,Yes,2,3,34,5,3
401,Marques Gleason,amayer@villastream.xyz,5,27,2,3,35,No,11,6,9,6,7
402,Ms. Delia,carolina79@azwes.site,2,27,3,6,42,No,14,4,14,3,5
403,Hillary Dibbert,olowe@isueir.com,4,40,2,2,89,Yes,27,11,5,0,6
404,Presley Jaskolski,dewayne.hayes@onlinecmail.com,3,30,3,6,64,Yes,30,3,19,1,7
405,Lonny Nicolas,justina.witting@sauhasc.com,3,34,3,5,83,Yes,25,5,32,7,6
406,America O'Kon,sylvan41@eatneha.com,2,25,3,4,67,Yes,34,2,3,10,4
407,Vernice Jaskolski,mbernhard@gmailwe.com,5,21,2,1,15,Yes,37,5,6,5,1
408,Kayden Dietrich,lulu88@beinger.me,5,26,2,5,17,Yes,30,11,42,5,7
409,Jonathan Mueller,jayde24@emlppt.com,4,45,2,1,83,No,32,8,27,1,7
410,Bret Berge,bo23@antawii.com,1,22,2,2,43,Yes,21,2,30,0,5
411,Brock Bashirian,tillman.vince@ffo.kr,1,29,3,6,85,Yes,34,9,18,1,6
412,Emie Heller,esta.runte@eiibps.com,5,29,3,6,89,Yes,6,3,27,0,3
413,Johnathan Lemke,labadie.royal@devfiltr.com,4,31,3,4,9,No,18,1,34,7,4
414,Noe Murphy,peter09@cloudscredit.com,5,36,2,4,71,No,15,10,31,3,2
415,Mr. Brady,audrey.fisher@isueir.com,3,46,1,5,47,No,42,1,11,4,5
416,Marcelle Predovic,doyle.emmalee@eiibps.com,2,33,1,4,6,No,26,0,15,2,3
417,Valentin Okuneva,rath.noelia@rheiop.com,2,28,1,4,7,No,2,0,39,0,5
418,Prof. Jettie,meredith.hilll@hungta2.com,2,26,2,5,61,Yes,31,2,5,2,2
419,Brisa Stroman,princess.bayer@sharyndoll.com,5,34,1,6,42,No,13,2,17,12,7
420,Mr. Mustafa,ralph58@emlppt.com,4,21,3,3,77,Yes,43,11,42,5,3
421,Rudy Beer,douglas.koelpin@crpotu.com,3,42,3,1,79,No,29,8,6,7,3
422,Ricky Lang,asha83@beinger.me,5,46,1,1,75,No,26,0,2,7,5
423,German Cronin,myrtice.kovacek@playfunplus.com,2,45,3,6,73,No,11,9,29,1,5
424,Brown Rosenbaum,angel50@dmxs8.com,3,35,3,6,38,Yes,39,11,41,6,5
425,Filiberto Wintheiser,blanda.mikel@greendike.com,1,30,1,2,2,No,38,1,33,8,6
426,Stanley Lowe,foster.klein@beinger.me,2,48,1,3,66,No,5,11,34,4,5
427,Mr. Jarod,ayden.bednar@ecallen.com,1,36,3,1,53,No,24,7,22,0,6
428,Mrs. Kayla,kane33@villastream.xyz,5,47,2,5,71,Yes,20,8,27,0,2
429,Douglas Fisher,yrohan@yt-google.com,5,45,2,6,7,No,18,10,18,8,4
430,Pierce Hermiston,koss.torrey@omdlism.com,3,47,2,2,12,No,13,3,36,5,1
431,Dr. Cristopher,ruben.keeling@emvil.com,3,40,1,4,79,No,26,12,27,0,4
432,Audra Harvey,waelchi.ole@hcfmgsrp.com,1,37,1,5,75,No,28,0,4,9,2
433,Luigi Ryan,cassin.freda@isueir.com,1,27,2,2,28,Yes,33,9,2,11,6
434,Prof. Frankie,jess.becker@rheiop.com,5,50,1,5,41,No,36,0,40,8,3
435,Agustina Larkin,bednar.laurence@ibnlolpla.com,4,44,1,4,49,Yes,42,10,2,12,5
436,Mr. Chauncey,adelbert29@sauhasc.com,2,34,1,4,7,Yes,1,6,36,0,2
437,Sebastian Tillman,jameson.ratke@debb.me,3,45,3,1,21,No,41,1,40,9,3
438,Mrs. Harmony,swill@paiucil.com,5,23,3,6,28,No,28,9,9,10,2
439,Mrs. Jazmyne,nyasia52@ilrlb.com,4,39,2,4,43,No,27,6,6,0,6
440,Jordan Bode,nullrich@eatneha.com,2,30,3,5,20,No,19,5,1,3,6
441,Dr. Florida,stephen34@packiu.com,2,32,3,5,54,Yes,15,0,21,6,3
442,Evan Thompson,marielle.goodwi@msotln.com,5,23,2,1,39,Yes,22,10,38,4,4
443,Jamel Kilback,stark.sonya@outlook.sbs,5,23,3,4,45,No,32,0,38,6,4
444,Adele Langworth,chaya59@uhpanel.com,1,49,3,5,28,No,30,11,32,12,6
445,Abbey Weimann,medhurst.consta@ecallen.com,2,39,1,2,57,Yes,11,7,34,11,7
446,Jamaal Heller,jerry.dietrich@isueir.com,5,34,2,6,40,Yes,9,8,13,2,6
447,Ms. Burdette,lela.rogahn@eatneha.com,2,48,1,3,73,Yes,35,0,42,10,1
448,Lurline Romaguera,ratke.cletus@sauhasc.com,1,30,1,5,17,Yes,30,1,6,2,1
449,Dr. Bessie,kmohr@txtee.site,1,44,3,2,9,Yes,12,5,43,0,1
450,Afton Reilly,halvorson.matil@eatneha.com,3,23,2,1,49,Yes,1,1,6,5,4
451,Newell Mueller,fmarvin@rheiop.com,5,34,2,5,7,Yes,27,2,12,9,4
452,Ayla Satterfield,awiegand@eiibps.com,4,42,2,1,25,No,31,10,9,11,3
453,Alysson Blick,johnson.arely@boranora.com,2,33,2,5,52,Yes,17,5,23,12,4
454,Adah Kilback,glynch@sharyndoll.com,3,27,1,2,73,Yes,1,2,22,5,4
455,Amelie Hand,cindy15@msotln.com,1,22,3,2,37,No,8,12,15,3,1
456,Mrs. Bryana,clifford74@outlook.sbs,1,22,2,5,78,Yes,26,3,37,9,1
457,Dylan Simonis,freda09@msotln.com,2,44,2,1,44,Yes,6,11,14,10,6
458,Miss Alysha,walsh.margie@soju.buzz,4,45,3,1,10,Yes,14,2,27,5,6
459,Willy Denesik,frami.nathan@emlppt.com,4,21,2,5,16,No,33,12,34,12,3
460,Teresa O'Conner,norma.sawayn@uioct.com,1,44,3,5,26,Yes,4,6,11,2,4
461,Dominic Reinger,koelpin.abigale@crpotu.com,2,40,2,6,86,No,30,6,30,6,1
462,Mr. Macey,leon.durgan@crpotu.com,5,27,3,5,73,Yes,16,4,22,4,4
463,Jaycee Kulas,tpacocha@ifrghee.com,2,46,3,5,35,No,27,8,14,12,1
464,Bette McLaughlin,bertha.ritchie@drstshop.com,2,36,3,3,45,Yes,1,7,39,5,3
465,Tommie Leannon,nelda79@outlook.sbs,3,48,2,4,37,Yes,16,12,13,10,4
466,Winona Ernser,mercedes07@yt-google.com,3,35,2,3,28,No,31,12,23,3,7
467,Dr. Elfrieda,collins.milan@uioct.com,1,35,1,3,59,No,26,8,36,1,6
468,Berneice Collier,peter52@yt-google.com,1,46,2,2,52,No,29,7,18,0,5
469,Kadin Hermann,burley.trantow@unambiguous.net,5,48,2,6,72,Yes,8,1,6,7,5
470,Mrs. Kailey,orion.reynolds@debb.me,2,47,1,6,44,Yes,3,12,1,8,1
471,Dion Ward,eduardo.walker@sauhasc.com,5,30,3,1,1,Yes,32,11,40,2,7
472,Kade Bailey,green.swift@uioct.com,4,31,1,5,2,Yes,2,11,24,10,6
473,Alaina Hoeger,labbott@antawii.com,5,39,1,2,23,Yes,21,8,11,2,5
474,Prof. Una,armani44@ecallen.com,5,37,3,6,17,No,14,2,10,6,2
475,Rodolfo Collier,verona12@eetieg.com,5,48,1,6,86,Yes,40,4,2,8,2
476,Prof. Esta,kschimmel@outlook.sbs,1,48,1,6,51,Yes,1,6,15,8,1
477,Dr. Virgie,wilhelmine.damo@eatneha.com,4,49,2,5,6,No,34,3,33,7,7
478,Eve Hegmann,elinor.bergstro@colevillecapital.com,3,39,1,5,78,No,13,2,41,8,6
479,Cleveland Stiedemann,ervin88@freeallapp.com,2,42,2,3,17,No,8,7,15,8,5
480,Allison Cruickshank,wbrown@ibnlolpla.com,2,35,2,3,83,No,21,8,10,6,2
481,Jackeline Ebert,salma.friesen@papakiung.com,2,21,1,6,72,Yes,3,9,8,5,6
482,Dorris Auer,asia60@dmxs8.com,1,46,3,4,51,No,40,12,41,9,6
483,Mr. Lorenz,udaugherty@gmailvn.xyz,3,36,1,3,52,Yes,6,6,42,6,1
484,Jayde Buckridge,von.cynthia@schule-breklum.de,2,50,1,6,59,No,32,6,32,11,2
485,Mrs. Kari,isaias.lueilwit@boranora.com,3,29,1,5,28,No,38,12,14,0,5
486,Edyth Stoltenberg,jarrett.kessler@cheesethecakerecipes.com,5,47,2,2,55,No,36,3,31,3,7
487,Layla Auer,forest.schmitt@mochaphotograph.com,4,25,3,6,26,No,35,10,3,2,7
488,Dr. Raul,tcrona@isueir.com,3,22,1,1,1,No,41,11,37,6,1
489,Coralie Weimann,okutch@rheiop.com,5,40,3,4,4,No,14,6,24,3,3
490,Jedidiah Williamson,lura58@onlinecmail.com,3,28,2,3,46,Yes,33,5,25,0,2
491,Dr. Zackary,hollis94@uhpanel.com,5,32,3,5,42,No,28,10,24,10,4
492,Ms. Alysa,cstroman@hcfmgsrp.com,2,41,1,3,24,No,28,10,4,7,4
493,Marcia Wisoky,hollie46@soju.buzz,2,33,2,1,35,No,36,2,30,5,4
494,Mr. Mohamed,von.travis@uioct.com,4,26,2,2,62,No,12,9,12,4,3
495,Mr. Kian,willie84@playfunplus.com,1,21,2,2,51,Yes,11,0,13,6,1
496,Everett Reinger,jena.stark@ffo.kr,3,48,2,4,78,Yes,12,9,32,11,5
497,Mr. Oran,bailey.claudia@ffo.kr,2,29,1,2,84,No,15,0,6,0,5
498,Ernie Kshlerin,mwalsh@isueir.com,5,45,2,6,22,Yes,11,9,20,10,6
499,Magali Murazik,kirlin.brice@pickuplanet.com,1,49,2,3,70,Yes,22,6,16,7,1
500,Mr. Barton,tianna.kulas@drstshop.com,4,32,1,1,81,Yes,31,11,6,7,3
501,Cicero Rippin,iconroy@rheiop.com,4,34,2,5,56,Yes,3,9,18,1,5
502,Wilfred Zieme,evie43@underdosejkt.org,3,38,1,5,26,No,18,7,27,2,4
503,Dr. Courtney,ofelia59@txtee.site,1,50,2,4,80,Yes,26,9,34,12,2
504,Autumn Hartmann,rthompson@txtee.site,2,43,2,1,77,Yes,18,12,6,7,7
505,Nakia Oberbrunner,lcruickshank@debb.me,5,26,2,6,41,Yes,20,3,42,6,1
506,Carson Witting,marley.bruen@wpdork.com,3,29,2,5,73,Yes,11,4,39,7,5
507,Ms. Ada,michael74@ffgrn.com,2,29,2,4,73,Yes,1,6,19,5,4
508,Brent Gorczany,wallace16@antawii.com,4,27,3,5,54,Yes,30,6,12,8,4
509,Louie Hermann,treutel.julius@bai47.com,3,44,2,1,9,No,6,5,15,12,1
510,Kirstin Greenfelder,labshire@cuendita.com,2,45,3,5,51,Yes,9,7,21,2,1
511,Dr. Rebecca,lynn.smitham@sharyndoll.com,4,30,3,2,16,No,34,4,19,6,3
512,Deshaun Gaylord,uwelch@emlppt.com,5,44,3,2,8,No,17,9,22,4,3
513,Una Wisoky,dawson58@24mail.top,4,43,2,2,6,Yes,26,6,12,0,2
514,Prof. Grace,qmraz@isueir.com,3,50,1,1,84,Yes,18,12,31,10,1
515,Sigmund Klocko,johnson.bryana@mailpluss.com,3,23,3,2,15,Yes,3,9,3,8,2
516,Baylee Pacocha,igottlieb@debb.me,1,44,1,3,31,No,22,0,7,8,4
517,Breanna Bartoletti,icorkery@silnmy.com,5,32,2,2,55,Yes,16,4,31,5,1
518,Nelson Mayer,fmurray@ffgrn.com,3,35,1,3,85,Yes,5,7,42,5,5
519,Lupe Armstrong,alf25@msotln.com,4,48,3,4,73,Yes,38,9,10,0,7
520,Mrs. Joelle,dickinson.chane@mailpluss.com,5,50,1,5,44,Yes,38,6,41,0,2
521,Guy Sauer,ziemann.palma@crpotu.com,2,29,1,5,34,Yes,16,6,15,9,3
522,Dr. Dillon,olindgren@hotmail.red,3,22,1,5,86,Yes,43,5,14,2,5
523,Miss Caitlyn,wanda24@boranora.com,4,39,2,2,87,Yes,22,7,19,4,3
524,Dr. Emerson,darren85@ffgrn.com,5,46,1,1,44,Yes,11,8,10,10,4
525,Miss Ofelia,lonzo.beier@boranora.com,4,39,1,6,58,Yes,40,8,13,5,7
526,Miss Selina,sanford.timmoth@pickuplanet.com,5,36,2,1,39,Yes,1,10,26,2,4
527,Prof. Lukas,will.hyman@filevino.com,1,23,2,5,46,Yes,14,0,31,8,7
528,Afton Witting,michelle84@hotmail.red,5,47,1,4,20,Yes,39,3,9,3,5
529,Miss Eulah,tschneider@filevino.com,1,21,1,4,59,No,29,12,29,4,7
530,Roscoe Gerlach,dreilly@icnwte.com,1,31,2,5,54,No,28,7,32,4,5
531,Donna Tremblay,olson.armando@ezybarber.com,4,25,2,1,9,Yes,23,9,31,12,4
532,Blake Kuhn,carolyn.rosenba@eiibps.com,1,32,2,2,18,Yes,32,12,16,4,3
533,Aracely Kessler,keon.nikolaus@tubidu.com,2,21,1,3,6,No,36,12,33,9,6
534,Josiah Block,anita59@devfiltr.com,1,44,2,6,27,Yes,34,0,28,8,4
535,Benton Willms,raymundo99@guitarsxltd.com,1,46,1,6,53,Yes,31,12,29,12,4
536,David Swift,imayer@txtee.site,4,49,2,5,67,Yes,15,9,36,9,7
537,Novella Beatty,wintheiser.gabr@filevino.com,5,31,2,6,37,Yes,7,7,26,12,6
538,Mrs. Susanna,armando.beier@sauhasc.com,2,21,3,4,66,Yes,38,1,29,3,3
539,Mireille Kulas,pagac.nolan@o0i.es,4,45,1,4,13,No,26,1,29,9,3
540,Dr. Jarrod,bcremin@ilrlb.com,1,37,3,1,30,Yes,34,4,15,10,2
541,Leonardo Brekke,maryjane20@ttmgss.com,3,25,2,1,50,No,18,3,9,3,5
542,Sanford Weber,bashirian.arnol@victorysvg.com,1,34,1,5,86,No,36,2,15,7,6
543,Miss Tyra,emmett01@eiibps.com,3,41,2,5,57,No,40,6,28,1,2
544,Nathen Reichel,freddy.kling@pickuplanet.com,4,36,2,5,53,Yes,7,10,31,10,4
545,Miss Mina,hheathcote@oymuloe.com,4,50,2,6,49,No,13,8,16,4,1
546,Beverly Haley,felipa87@luddo.me,4,42,2,5,9,Yes,43,10,7,2,6
547,Dr. Marc,jordyn.donnelly@gmailvn.net,3,31,1,3,54,No,9,0,38,2,1
548,Graciela Von,murazik.kurt@ucyeh.com,2,35,3,3,47,No,34,12,34,12,3
549,Mrs. Makenzie,schuyler.huels@alvinneo.com,2,39,2,4,22,Yes,21,8,19,9,1
550,Mr. Thaddeus,okunze@bizimalem-support.de,4,31,1,6,44,No,28,7,24,5,1
551,Christine Stokes,bosco.elijah@freeallapp.com,5,43,1,6,42,No,25,3,25,6,2
552,Gunnar Kshlerin,crona.daphnee@icnwte.com,3,33,2,6,75,No,29,6,19,6,3
553,Ms. Katrine,jamar.lakin@drstshop.com,4,21,1,4,15,Yes,10,6,5,8,3
554,Mrs. Cleora,wgottlieb@golviagens.com,5,37,2,2,20,No,10,12,26,8,3
555,Libbie Lueilwitz,lon16@luddo.me,5,49,1,2,85,No,22,8,6,8,2
556,Mrs. Zelda,deion.ankunding@ilrlb.com,4,39,2,3,83,No,32,7,43,10,3
557,Lue Rice,twisozk@recordar.site,5,47,3,1,89,No,13,5,34,6,6
558,Joaquin Kilback,barbara51@freeallapp.com,3,40,3,4,71,No,35,4,42,10,1
559,Dr. London,mcclure.sabina@ucyeh.com,4,28,3,5,21,No,22,9,28,3,7
560,Samara Lindgren,xkuhic@24mail.top,2,27,2,6,30,Yes,36,5,41,4,3
561,Trenton Harris,toy.luigi@ffo.kr,2,44,2,4,76,Yes,14,2,29,9,2
562,Dortha Okuneva,torphy.kameron@adaov.com,3,44,1,1,25,No,22,4,19,11,3
563,Dr. Giles,lucile.thiel@hisukamie.com,3,26,3,5,4,Yes,43,10,14,3,3
564,Giovanni Franecki,ereichel@guitarsxltd.com,3,33,2,2,9,Yes,16,10,4,11,6
565,Prof. Gerhard,noel36@24hinbox.com,5,28,1,5,49,Yes,13,9,4,6,6
566,Lenora Christiansen,crist.tyrel@ilrlb.com,4,49,3,5,16,No,39,5,31,4,3
567,Gordon Murphy,dhoppe@cheapnitros.com,4,45,2,2,34,Yes,24,9,25,9,7
568,Jonatan Beer,pollich.ryleigh@cuendita.com,1,41,1,4,36,Yes,43,5,11,3,7
569,Giovanna Schuster,casimir.jerde@recordar.site,3,24,2,3,63,Yes,7,5,24,10,5
570,Dr. Willard,theo.baumbach@ilrlb.com,1,40,1,6,85,No,27,11,12,9,1
571,Dr. Macey,kirlin.delphine@oymuloe.com,5,46,1,1,80,Yes,15,2,42,11,5
572,Prof. Gordon,clay43@ffo.kr,1,44,3,4,58,No,20,11,16,5,4
573,Quinn Wiegand,carrie.windler@guitarsxltd.com,2,28,2,6,71,Yes,5,11,33,4,5
574,Valentina Haag,trystan04@txtee.site,5,28,3,3,75,Yes,37,4,29,10,2
575,Mrs. Joana,justyn62@eiibps.com,5,23,1,5,72,No,21,5,39,1,7
576,Kraig Klocko,mclaughlin.gia@unambiguous.net,4,25,1,5,31,No,21,3,33,5,4
577,Mr. Heber,willard06@sharyndoll.com,3,21,2,1,56,No,9,9,1,9,7
578,Prof. Verona,nina.ruecker@crpotu.com,1,45,3,4,17,Yes,6,1,17,0,5
579,Mariah Koss,bcorwin@msotln.com,3,49,2,2,33,No,17,3,14,0,1
580,Mohammad Prohaska,eldred45@24mail.top,4,38,2,2,68,Yes,24,4,39,11,7
581,Paxton Botsford,georgette67@emlppt.com,3,43,2,4,6,No,25,4,36,10,3
582,Mr. Darren,nstiedemann@hisukamie.com,4,29,2,4,6,No,24,1,38,2,5
583,Nestor Brown,dereck.prohaska@hisukamie.com,3,30,2,4,50,No,43,8,37,5,1
584,Itzel Mills,kelli46@isueir.com,1,37,3,5,79,No,34,5,15,0,7
585,Dr. Brooklyn,lowell74@mexcool.com,3,23,3,5,74,No,6,11,12,8,2
586,Walton Keebler,etromp@ectong.xyz,2,40,1,2,2,No,41,2,40,7,4
587,Elmira Braun,kveum@gkqil.com,1,40,3,4,72,No,33,9,30,4,3
588,Dr. Daija,cielo.johnston@emkunchi.com,1,29,2,3,32,No,40,3,26,7,6
589,Chaz Considine,alexandrea.jaku@ebarg.net,3,29,1,6,25,No,34,5,30,8,3
590,Prof. Effie,janick.keeling@emkunchi.com,1,36,2,1,58,Yes,26,10,19,10,4
591,Kelley Erdman,demarco52@boranora.com,5,46,2,2,13,Yes,27,7,20,2,6
592,Ethel Ward,vjast@cheapnitros.com,5,37,2,4,37,Yes,32,11,4,10,1
593,Ms. Kaylah,azieme@golviagens.com,2,39,1,2,53,No,26,8,4,0,1
594,Mr. Geoffrey,udooley@guitarsxltd.com,4,48,1,1,85,No,42,3,3,3,2
595,Vilma Klocko,wschmeler@aiuepd.com,1,43,3,4,79,Yes,17,1,41,6,4
596,Lawson Bradtke,neoma19@boranora.com,3,23,2,4,29,No,27,7,9,5,7
597,Prof. Creola,anitzsche@picsviral.net,5,29,3,3,88,Yes,37,2,27,10,4
598,Virgie Koelpin,xlindgren@paiucil.com,4,33,3,3,2,No,6,0,41,12,2
599,Dolly Bins,johan13@emvil.com,3,35,3,4,55,No,22,11,21,0,1
600,Izaiah Stoltenberg,marge.mills@gkqil.com,4,49,1,3,66,Yes,20,6,36,1,5
601,Nora Boyer,schowalter.tier@adaov.com,4,35,1,2,1,No,34,5,36,7,2
602,Dawson Frami,nraynor@vireonidae.com,3,27,1,6,87,Yes,20,6,28,5,3
603,Lindsey Koch,eula25@chantellegribbon.com,4,49,2,3,13,Yes,21,0,16,5,2
604,Stephon Kshlerin,jevon.mitchell@bizimalem-support.de,1,40,1,6,58,No,4,10,5,2,4
605,Guillermo Skiles,yost.josue@otlaecc.com,5,38,1,4,60,No,25,10,21,3,5
606,Mathew Rogahn,dibbert.layne@cheapnitros.com,1,25,1,5,32,Yes,30,10,21,7,5
607,Prof. Lisette,rolfson.isabell@ebarg.net,2,42,3,5,61,No,7,8,19,3,6
608,Eddie Sawayn,kelli94@snapboosting.com,1,22,1,4,50,Yes,24,7,26,12,5
609,Dr. Quentin,hills.jany@24mail.top,4,25,3,3,19,No,36,9,36,9,2
610,Ms. Brigitte,jasmin95@cloudscredit.com,4,46,1,3,58,Yes,39,2,23,1,1
611,Trisha Balistreri,runte.cordie@vireonidae.com,2,50,2,6,73,Yes,12,4,33,8,2
612,Cassidy Hodkiewicz,abailey@ezybarber.com,5,34,3,5,67,No,8,5,21,9,1
613,Mrs. Reina,joel80@silnmy.com,2,27,1,1,45,Yes,22,6,24,10,7
614,Prof. Lawson,elta.reichel@alvinneo.com,5,27,3,1,43,No,24,8,18,9,2
615,Dorcas Kirlin,vernie76@eeetivsc.com,5,38,3,5,26,Yes,6,4,3,12,1
616,Prof. Rosamond,treva75@bizimalem-support.de,2,28,2,6,49,No,32,5,40,6,6
617,Carolyn Blick,nader.octavia@omdiaco.com,3,22,1,2,43,Yes,31,0,31,0,3
618,Miss Vida,mayer.lizzie@paiucil.com,1,28,2,5,28,No,26,4,8,8,6
619,Mr. Osbaldo,fkihn@soju.buzz,2,39,3,6,60,Yes,9,2,10,5,5
620,Seamus Moore,gutmann.yvonne@packiu.com,4,40,2,1,68,No,38,12,26,1,2
621,Broderick Runte,ubrekke@colevillecapital.com,3,49,1,5,61,No,31,7,31,0,6
622,Delphia Hoeger,qkiehn@alvinneo.com,5,38,2,6,75,No,18,9,36,1,7
623,Miss Arlene,imueller@ebarg.net,4,40,3,3,29,No,6,10,6,2,6
624,Mr. Coty,krunolfsson@chantellegribbon.com,5,38,3,6,45,No,23,4,31,12,6
625,Shania Larson,timmothy05@adaov.com,1,36,2,1,80,Yes,2,4,27,11,6
626,Agustin Dare,sokeefe@cheapnitros.com,5,50,3,2,23,No,36,1,10,1,7
627,Mr. Nikko,amely09@omdiaco.com,5,24,3,5,50,Yes,19,2,21,9,4
628,Ashley Schinner,lebsack.dana@ilrlb.com,4,23,3,6,50,Yes,29,7,22,5,5
629,Sheridan Barrows,sprice@bizimalem-support.de,4,28,3,5,17,No,4,5,33,5,2
630,Benny Boehm,davonte81@omdiaco.com,1,25,1,4,84,No,23,2,16,6,7
631,Prof. Jimmy,bgerlach@bizimalem-support.de,3,26,2,5,44,Yes,14,8,23,9,7
632,Mr. Arnulfo,susanna21@tigo.tk,4,26,2,4,40,Yes,41,8,42,7,2
633,Adell O'Reilly,qherzog@uioct.com,1,45,2,2,5,Yes,18,4,42,2,2
634,Coleman Cassin,ejacobson@adaov.com,5,23,3,4,23,No,1,0,12,10,3
635,Prof. Piper,warren85@snapboosting.com,2,37,3,3,64,No,16,1,4,10,7
636,Candida Murray,kub.maribel@emvil.com,2,43,2,2,60,Yes,26,7,24,9,6
637,Camren Torp,lauretta13@eeetivsc.com,2,24,3,6,34,Yes,33,9,4,0,5
638,Aletha Greenholt,jerde.ardith@antawii.com,3,21,1,1,23,No,2,9,14,9,5
639,Aubrey Maggio,coty77@uioct.com,3,41,1,4,49,No,21,1,32,1,1
640,Mrs. Eva,rbechtelar@cuendita.com,3,40,3,2,16,No,21,10,40,3,7
641,Dr. Garrick,rjacobi@btcmod.com,5,24,1,2,84,No,39,9,21,9,6
642,Lysanne Glover,mupton@freeallapp.com,3,47,1,4,41,Yes,43,10,27,7,1
643,Fernando Hartmann,quentin14@antawii.com,4,32,2,2,46,No,31,12,34,7,5
644,Mr. Gene,keeley.okon@imaanpharmacy.com,3,28,3,5,70,Yes,12,8,14,5,3
645,Jerome Ullrich,giovani62@perirh.com,4,33,1,6,73,No,24,9,43,10,4
646,Dr. Taurean,trantow.abbey@picsviral.net,5,34,3,5,36,No,6,11,11,6,1
647,Mertie Goldner,taufderhar@dmxs8.com,5,27,3,1,64,No,41,11,27,2,6
648,Tyra Schinner,laney35@chantellegribbon.com,4,26,2,3,72,No,42,4,4,3,4
649,Edythe Toy,cecelia42@debb.me,2,49,3,6,60,No,20,10,24,3,4
650,Jeremie Kunde,milton51@paiucil.com,1,34,2,6,75,No,12,7,4,12,2
651,Colleen Little,allen55@cheapnitros.com,3,27,1,3,73,Yes,33,3,18,8,2
652,Megane Abbott,ruecker.cara@debb.me,1,42,2,3,66,No,10,4,19,7,2
653,Merle Moen,huels.rosanna@unambiguous.net,4,39,3,5,11,Yes,40,9,4,4,1
654,Cloyd Krajcik,juana.erdman@boranora.com,1,32,1,6,22,Yes,23,3,42,11,4
655,Casey Labadie,wisozk.abigale@somecringe.ml,4,21,3,2,31,No,42,8,38,3,1
656,Miss Savannah,mmoore@pickuplanet.com,1,40,3,5,49,No,26,5,35,0,4
657,Sebastian Hauck,johnpaul50@nwhsii.com,1,38,1,1,20,Yes,13,11,32,6,4
658,Demetris Hand,scot53@bizimalem-support.de,5,47,1,1,84,No,15,2,31,5,7
659,Reginald Cassin,qabbott@golviagens.com,1,33,3,5,6,Yes,22,6,11,11,4
660,Carrie Block,sabryna17@btcmod.com,2,33,2,2,22,No,33,2,10,11,3
661,Jennie Torp,lilyan44@eetieg.com,5,22,3,6,15,No,24,9,10,0,3
662,Edmond Kub,darwin25@scdhn.com,1,45,1,4,13,Yes,42,6,3,8,1
663,Dr. Olen,nhudson@golviagens.com,1,30,1,1,45,No,15,0,24,11,2
664,Prof. Sandrine,tlittel@guitarsxltd.com,3,36,3,5,50,No,6,8,40,10,6
665,Allene Goyette,effertz.rubie@asifboot.com,1,34,3,2,10,Yes,20,0,2,8,4
666,Mr. Karson,ludwig98@bizimalem-support.de,2,43,3,6,22,Yes,25,6,43,5,3
667,Miss Elise,mathias.rolfson@24hinbox.com,5,29,1,1,60,No,29,6,1,0,3
668,Ms. Chanel,damian58@golviagens.com,2,36,1,6,56,No,16,10,38,2,2
669,Duane Stroman,fannie83@ancreator.com,5,46,1,4,46,No,1,4,20,5,3
670,Addie Hansen,derrick54@aosdeag.com,1,49,1,5,87,Yes,36,10,30,10,2
671,Loy Fisher,granville92@bizimalem-support.de,3,39,2,3,34,No,33,3,24,3,4
672,Dashawn Conn,lulu.harris@24hinbox.com,5,26,3,3,17,No,38,2,14,7,2
673,Eula Volkman,garrick.hoeger@chantellegribbon.com,5,33,2,6,38,No,24,8,21,2,7
674,Trisha Pagac,kovacek.sherwoo@eeetivsc.com,4,47,2,4,18,Yes,40,8,3,7,4
675,Roma Hintz,stehr.raphael@guitarsxltd.com,2,32,2,1,62,No,25,4,2,0,3
676,Winfield Beahan,annabel.raynor@24hinbox.com,5,23,3,2,31,Yes,43,7,25,12,2
677,Leola Tillman,mckenzie.chadri@drstshop.com,2,39,2,3,34,Yes,30,2,42,6,5
678,Toney Heathcote,ardella13@mamasuna.com,1,24,2,1,43,No,13,0,8,1,6
679,Beaulah Schoen,annabelle99@perirh.com,3,49,3,1,67,Yes,5,6,28,5,4
680,Makayla Marks,kovacek.kathryn@soju.buzz,3,23,2,2,13,No,22,6,12,10,5
681,Hassie Wilkinson,jaden.streich@mexcool.com,2,39,1,6,27,Yes,25,9,39,3,5
682,Mrs. Ayla,reese93@debb.me,4,25,3,4,71,Yes,42,6,9,12,1
683,Kristofer Feest,kathleen91@txtee.site,3,21,2,3,80,Yes,1,7,28,5,3
684,Johan Russel,johnson.maxie@eeetivsc.com,4,47,1,5,49,Yes,6,0,30,0,1
685,Britney Price,bschaden@cloudscredit.com,4,26,3,3,75,Yes,36,1,21,4,3
686,Kody Emard,reynolds.lisand@packiu.com,4,34,1,6,88,Yes,19,7,28,8,3
687,Prof. Carolanne,oral.schultz@aosdeag.com,2,36,3,3,44,Yes,23,8,9,1,7
688,Kirk Becker,dawson.prosacco@silnmy.com,2,45,2,6,45,Yes,32,7,30,10,3
689,Palma Labadie,rkirlin@mamasuna.com,4,47,1,6,15,No,13,1,4,5,6
690,Olga Botsford,lela.keeling@chantellegribbon.com,2,23,2,3,4,No,35,4,1,10,7
691,Athena Murphy,okozey@o0i.es,3,42,1,3,75,Yes,1,12,29,11,4
692,Michael O'Hara,shields.kailyn@scdhn.com,5,47,1,3,59,No,22,3,23,12,6
693,Jace Braun,dibbert.raymond@alvinneo.com,1,39,1,3,65,Yes,29,10,1,4,6
694,Barrett Mayer,eliseo.armstron@guitarsxltd.com,3,41,1,5,68,Yes,16,7,19,12,5
695,Mateo Feil,kiel.stamm@gmailpro.gq,3,32,1,3,16,Yes,5,3,1,5,5
696,Erica Shanahan,predovic.deron@silnmy.com,4,49,2,1,22,Yes,10,3,7,1,2
697,Kelsie Treutel,bridie.bosco@luddo.me,1,32,1,3,24,No,22,4,10,3,6
698,Jettie Gerhold,green.elaina@villastream.xyz,4,46,1,1,15,Yes,21,9,39,2,5
699,Dr. Angie,tfisher@ciatico.site,1,34,1,3,5,No,6,7,31,5,2
700,Kim Jacobson,branson81@ebarg.net,2,24,2,3,45,Yes,35,5,20,12,7
701,Harvey Johns,orion37@golviagens.com,3,22,3,4,8,Yes,25,7,7,0,5
702,Alva Pacocha,wiza.esta@eeetivsc.com,1,45,1,4,17,No,6,4,28,7,6
703,Alysha Davis,annetta.hand@shubowtv.com,4,26,2,5,42,No,20,8,41,4,7
704,Dante Bins,cortez.vonruede@ffo.kr,5,21,3,4,25,No,18,4,8,7,5
705,Kobe Toy,cole.natalie@mymailcr.com,1,23,1,4,14,Yes,12,6,4,7,3
706,Connor Hermann,hritchie@asifboot.com,4,45,3,3,43,No,21,6,33,6,2
707,Ms. Felicity,veum.princess@soccerfit.com,5,24,3,4,25,No,37,6,13,7,3
708,Ida O'Conner,filiberto09@otlaecc.com,3,22,3,6,87,No,4,3,34,10,6
709,Mr. Stanford,sonny12@hasevo.com,5,39,3,5,27,No,24,10,38,4,5
710,Zoe Kohler,finn.king@ibelnsep.com,5,26,2,2,59,No,5,0,37,3,1
711,Gerhard Beatty,khalil21@colevillecapital.com,2,23,3,4,72,No,28,7,20,5,1
712,Sabrina Hane,gfranecki@ffgrn.com,2,33,2,4,87,Yes,37,5,1,10,2
713,Macey Beatty,veronica60@gkqil.com,2,42,2,5,48,No,14,8,10,8,3
714,Alexa Jaskolski,astrid.bruen@greendike.com,1,44,3,5,41,Yes,6,11,31,4,2
715,Elisabeth Langworth,clarabelle.stra@ffgrn.com,4,42,1,1,4,Yes,14,3,25,2,7
716,Osborne Bernier,torrey71@cheapnitros.com,2,36,3,1,35,No,1,6,39,1,3
717,Jerod Cruickshank,ehuels@vireonidae.com,4,32,2,6,7,Yes,11,9,35,3,6
718,Jed Lynch,chelsey.oconnel@erhoei.com,5,36,2,3,17,No,7,5,39,4,1
719,Dr. Alejandrin,gbarrows@isueir.com,5,37,2,3,84,Yes,6,2,35,4,2
720,Veda Armstrong,apaucek@ecallen.com,3,45,1,4,62,No,38,8,42,11,5
721,Dr. Brock,lind.sarah@pickuplanet.com,3,44,3,2,79,Yes,15,4,37,11,2
722,Kameron Feeney,emmerich.luciou@gmailpro.gq,4,40,1,1,5,No,23,10,17,2,7
723,Mabel Lind,ebednar@guitarsxltd.com,3,29,2,4,81,Yes,37,12,1,7,2
724,Ms. Belle,elliot99@hasevo.com,2,37,1,2,46,No,9,8,38,5,1
725,Augustine Lowe,enrique92@isueir.com,5,23,2,3,32,Yes,42,7,26,3,4
726,Mr. Leonel,johnson.frederi@partnerct.com,4,35,3,2,49,Yes,30,3,3,6,6
727,Mr. Joany,altenwerth.mari@outlook.sbs,1,41,1,4,6,No,32,10,14,7,3
728,Mrs. Rozella,jakubowski.keat@soccerfit.com,5,43,3,6,2,Yes,16,7,4,5,4
729,Miss Corrine,pbatz@pickuplanet.com,5,39,3,3,37,Yes,2,3,43,11,4
730,Mr. Emanuel,reed52@soccerfit.com,4,36,2,5,80,No,28,4,38,9,5
731,Grant Roob,hgrant@antawii.com,5,41,3,6,40,No,3,9,21,9,7
732,Mrs. Delia,orrin59@bizimalem-support.de,2,40,1,4,45,No,34,8,21,6,6
733,Demetrius Ryan,anderson.jarrod@erhoei.com,5,44,3,2,87,No,31,12,19,4,2
734,Mr. Carey,jana.hamill@cashbackr.com,2,45,1,5,84,No,8,12,4,3,5
735,Jacquelyn Nitzsche,jaycee63@guitarsxltd.com,3,34,2,2,17,Yes,31,9,10,9,1
736,Linnie Jacobson,upowlowski@alvinneo.com,2,30,1,2,37,No,19,12,26,9,6
737,Emilie Metz,brody.cormier@pickuplanet.com,1,39,2,1,77,No,35,5,14,2,5
738,Mr. Jean,lavern.armstron@asifboot.com,3,35,1,6,9,Yes,14,11,43,10,6
739,Leslie Treutel,marquardt.annab@bizimalem-support.de,2,24,3,1,83,No,29,1,8,11,1
740,Candice Spinka,kameron11@gmailpro.ml,4,25,2,3,35,Yes,13,9,27,4,1
741,Mateo Bergnaum,hwhite@pzuilop.de,1,30,1,5,73,Yes,1,10,34,0,4
742,Alfredo Bechtelar,jennyfer.feeney@gmailpro.ml,5,45,1,2,25,No,22,6,43,8,3
743,Jade Hodkiewicz,mcdermott.barth@zeemails.in,2,44,2,5,59,Yes,35,0,11,1,6
744,Davion Goyette,durgan.theodore@guitarsxltd.com,5,33,3,2,3,Yes,40,4,23,12,3
745,Lemuel Von,kunze.macie@emlppt.com,5,43,1,4,59,No,40,12,7,4,4
746,Brian Kshlerin,kelley77@gmailwe.com,4,47,2,6,27,Yes,21,3,42,12,2
747,Mr. Wilford,skeebler@cashbackr.com,4,40,3,2,55,No,12,1,21,12,2
748,Mario Koss,elena.beer@bizimalem-support.de,3,41,3,1,88,Yes,21,3,13,6,1
749,Aurelie Ondricka,bednar.kareem@eeothno.com,5,25,2,6,17,No,25,12,31,10,4
750,Dr. Zackary,strosin.herman@colevillecapital.com,3,50,3,3,32,No,8,10,12,4,1
751,Mrs. Brianne,bennie.barton@hotmail.red,4,40,2,5,8,Yes,5,4,17,2,5
752,Leopoldo Lehner,barney.friesen@outlook.sbs,5,50,2,1,55,No,14,9,8,1,2
753,Katrine Raynor,ayden02@eetieg.com,4,36,3,2,62,No,22,5,16,11,1
754,Mrs. Cassandre,nicola.lueilwit@neaeo.com,1,42,2,5,68,No,36,7,1,2,3
755,Howard Thiel,lue.toy@shurkou.com,1,25,2,2,23,No,27,5,33,4,7
756,Giovani Schowalter,forest.hamill@txtee.site,4,49,3,4,86,Yes,3,2,29,0,5
757,Prof. Leon,denis.funk@plexvenet.com,2,40,1,6,44,Yes,24,1,31,12,3
758,Conner Kuphal,hansen.loyce@zeemails.in,4,47,2,3,61,No,7,10,6,3,1
759,Mrs. Nichole,simonis.darien@ectong.xyz,2,31,2,4,84,No,32,6,6,10,6
760,Miss Lola,maxime15@ibelnsep.com,1,44,3,5,48,Yes,5,11,38,7,6
761,Ottis Veum,jayson.hermisto@eelrcbl.com,5,47,1,5,33,No,28,4,19,4,1
762,Dr. Savanah,marisol.halvors@guitarsxltd.com,4,28,2,4,52,No,41,12,34,9,5
763,Ms. Veronica,pwindler@ibelnsep.com,5,42,2,2,12,No,2,3,1,1,3
764,Prof. Brayan,dickinson.iva@tunhide.com,3,41,1,6,82,Yes,22,0,11,4,1
765,Miss Joyce,gretchen.hills@rheiop.com,5,38,2,3,46,No,26,4,10,9,2
766,Sadie Schneider,bkohler@zeemails.in,4,25,2,6,21,Yes,31,9,30,8,2
767,Khalil Rosenbaum,connelly.jaron@iprloi.com,5,38,1,2,36,No,10,7,24,5,4
768,Dayton Jacobson,epurdy@cloudscredit.com,2,25,1,2,17,No,13,2,14,5,2
769,Dominique Yost,wilford.champli@luddo.me,3,24,1,3,83,No,1,11,13,3,6
770,Mrs. Cassandra,hkonopelski@ciatico.site,2,40,3,5,13,No,32,7,21,1,1
771,Pierce Crist,lydia06@cloudscredit.com,2,43,2,1,30,Yes,15,0,1,11,5
772,Lucienne Lindgren,mkozey@zeemails.in,1,26,1,3,89,No,22,4,4,10,6
773,Mr. Kiel,tatyana28@gmailwe.com,2,48,1,3,56,No,26,3,38,5,6
774,Dr. Shyann,zena.effertz@drstshop.com,4,47,1,4,4,No,21,5,40,8,4
775,Julian Abernathy,iwolf@visieonl.com,4,46,3,2,23,Yes,41,8,16,2,5
776,Orie Raynor,glockman@iprloi.com,4,40,2,2,65,No,42,8,28,12,3
777,Kurtis Lesch,homenick.trinit@chantellegribbon.com,3,27,2,3,18,No,11,7,32,11,5
778,Dr. Amani,olson.marielle@cloudscredit.com,5,46,3,3,33,Yes,26,9,24,5,2
779,Prof. Rashawn,john23@gmailwe.com,4,30,2,4,80,Yes,2,1,3,5,2
780,Polly Waters,bernadine.erdma@eamrhh.com,4,23,1,2,65,No,15,0,14,10,5
781,Paige Schmeler,mquitzon@rheiop.com,3,33,2,4,17,Yes,19,0,27,3,4
782,Anahi Padberg,hwiegand@emlppt.com,2,47,3,1,59,No,29,7,11,12,6
783,Jabari Champlin,ellen17@greendike.com,4,22,2,2,33,No,6,9,3,6,2
784,Dr. Emiliano,shanahan.nicole@cloudscredit.com,5,35,2,2,64,Yes,18,8,18,4,4
785,Jada Wiza,lromaguera@eelrcbl.com,4,46,3,4,83,No,29,5,33,7,1
786,Beth Schuster,ffriesen@asifboot.com,4,49,3,5,44,No,31,7,15,0,7
787,Ronaldo Dooley,tianna79@mamasuna.com,3,41,1,6,48,Yes,3,11,20,0,1
788,Mr. Trenton,lela.bauch@gmailvn.net,4,21,3,2,63,Yes,1,7,18,12,6
789,Gerard Abernathy,caitlyn25@luddo.me,5,43,2,3,10,Yes,30,10,38,10,7
790,Kacey Nader,qmills@emvil.com,3,48,3,3,87,Yes,20,9,15,7,3
791,Dr. Linda,doyle90@hotmail.red,2,44,1,4,56,No,31,1,19,0,1
792,Ms. Helene,ashley.hoppe@luddo.me,3,33,1,2,2,Yes,16,1,35,7,7
793,Dr. Catharine,yhirthe@mamasuna.com,4,28,1,3,15,Yes,7,1,32,0,5
794,Samanta Cole,strosin.furman@iprloi.com,4,49,1,6,71,Yes,31,8,24,8,1
795,Dr. Bo,carter.hackett@lompikachi.com,3,39,3,4,33,Yes,27,6,24,1,1
796,Fiona Adams,verna.koelpin@xducation.us,2,36,1,2,10,No,24,4,29,3,1
797,Prof. Jett,jeffry.schaden@golviagens.com,3,43,2,3,53,No,2,5,7,12,7
798,Mr. Vern,ethyl39@snapboosting.com,5,48,3,4,29,No,16,8,12,12,6
799,Adan Bosco,crempel@eelrcbl.com,1,34,2,5,5,Yes,37,2,32,4,6
800,Rita Franecki,lonzo.hettinger@colevillecapital.com,3,32,3,6,38,No,32,2,19,7,4
801,Dr. Cade,americo86@xducation.us,3,48,2,2,5,Yes,40,0,40,12,4
802,Sibyl Schinner,jkihn@eluvit.com,1,34,2,2,4,Yes,15,8,5,1,7
803,Arch Greenfelder,schaefer.kurtis@rheiop.com,2,35,2,5,12,No,43,5,6,9,5
804,Alexandrea Olson,ursula00@drstshop.com,4,25,1,2,23,Yes,32,10,38,5,2
805,Dina Batz,garrison00@pvmail.pw,5,22,2,1,39,No,4,1,14,10,6
806,Dr. Jamison,whettinger@omdiaco.com,1,35,2,6,57,Yes,14,8,7,6,4
807,Cristina Mante,okuneva.aliya@ebarg.net,5,27,3,6,28,No,18,0,37,5,3
808,Mr. Elias,fahey.johan@cloudscredit.com,5,40,2,3,6,Yes,25,12,3,11,7
809,Jess Lynch,akiehn@gmailpro.gq,3,29,3,1,73,Yes,29,12,4,5,4
810,Elliot Langosh,shahn@txtee.site,4,24,2,1,48,No,4,7,8,6,3
811,Louvenia Grady,bwisozk@somecringe.ml,5,41,3,3,86,Yes,42,6,40,0,2
812,Bria Dach,zieme.oren@ecallen.com,1,36,1,5,40,Yes,6,5,42,1,2
813,Carolina Block,terrence93@ebarg.net,4,25,2,5,49,No,42,5,2,3,4
814,Norbert Rowe,junior.fahey@otlaecc.com,1,40,2,2,68,Yes,16,4,37,7,6
815,Dr. Uriah,lempi.volkman@pickuplanet.com,2,41,3,2,82,Yes,43,4,29,4,4
816,Marietta Kohler,darwin29@tunhide.com,3,29,2,4,74,No,6,1,32,1,1
817,Noelia Moen,dolly47@fheiesit.com,4,32,2,5,43,No,35,6,12,3,5
818,Mallory Kassulke,shannon59@ectong.xyz,2,49,2,2,83,No,43,1,25,4,6
819,Alec Buckridge,denis.stracke@greendike.com,5,36,2,3,3,No,27,4,31,4,2
820,Mr. Lexus,ratke.rusty@plexvenet.com,1,24,3,1,21,No,5,0,38,5,3
821,Moriah Braun,shana.douglas@mexcool.com,1,43,3,4,56,No,24,12,42,11,4
822,Tyreek Dooley,carlo.oreilly@athdn.com,4,46,1,4,53,No,33,1,22,9,4
823,Mrs. Madelynn,sdicki@otlaecc.com,4,24,3,4,77,Yes,42,0,2,11,2
824,Prof. Darrell,miguel.quitzon@fheiesit.com,2,47,3,6,64,Yes,29,3,18,5,4
825,Lulu Beahan,zstokes@isueir.com,1,29,1,4,40,Yes,42,4,36,8,7
826,Janae Little,ziemann.jabari@eeppai.com,5,42,1,5,11,Yes,14,6,28,1,2
827,Adolphus Kozey,summer.daniel@athdn.com,3,33,1,4,8,Yes,31,0,40,5,4
828,Prof. Abel,kunde.newton@iprloi.com,3,50,3,3,8,No,10,2,5,2,1
829,Estel Emard,ftorp@emlppt.com,2,40,2,2,67,Yes,14,11,5,1,6
830,Nola Beatty,amiller@guitarsxltd.com,5,37,1,5,9,No,41,9,34,6,6
831,Annetta Frami,jamey91@tnecnw.com,2,30,3,3,48,Yes,38,0,4,9,1
832,Mr. Carmel,kacie54@snapboosting.com,4,25,2,3,68,No,15,2,35,5,4
833,Mrs. Helena,hyatt.danika@cheapnitros.com,4,40,1,2,30,Yes,1,2,28,8,1
834,Brain Ortiz,weissnat.assunt@asifboot.com,2,24,1,6,32,No,7,2,15,10,7
835,Brice Kling,cortney.marks@xducation.us,2,49,2,3,6,Yes,23,6,39,11,4
836,Presley Kirlin,maybelle.pfeffe@snapboosting.com,5,37,2,4,42,No,27,6,33,9,6
837,Mrs. Lauretta,alexandrea.skil@iprloi.com,1,39,1,1,34,No,1,9,24,2,2
838,Jamil Baumbach,pouros.hyman@tnecnw.com,1,46,2,5,13,Yes,14,11,30,4,6
839,Josh Schmidt,kulas.kelton@doczd.site,2,23,2,4,49,No,37,9,41,5,7
840,Dr. Ashton,tod99@plexvenet.com,2,33,1,6,50,Yes,21,2,42,3,7
841,Henriette Prosacco,ydamore@somecringe.ml,3,35,2,3,89,Yes,37,5,23,7,2
842,Myles McDermott,gauer@ilrlb.com,2,34,3,3,39,No,19,8,36,4,5
843,Brody Yost,lenora.oreilly@iprloi.com,2,28,3,3,37,No,9,1,39,9,3
844,Jordon Zemlak,price.oswaldo@emvil.com,3,50,1,3,54,No,38,4,34,12,5
845,Jeffrey Stanton,russel.vickie@eluvit.com,5,33,3,3,15,No,7,5,26,8,1
846,Jackeline Halvorson,emely.spinka@mexcool.com,4,28,1,4,70,No,38,3,36,0,5
847,Mr. Delaney,kessler.oswaldo@greendike.com,2,39,2,2,75,Yes,7,9,15,7,6
848,Berniece Klocko,kaylah.bernier@ilrlb.com,1,49,1,1,15,No,27,3,42,8,2
849,Loyal Hane,hoyt.schimmel@pickuplanet.com,1,24,2,4,36,No,43,11,8,2,2
850,Cara Grady,mathilde.tranto@fheiesit.com,5,33,1,1,10,Yes,34,5,29,10,6
851,Ms. Alvena,uhuels@tnecnw.com,4,46,2,4,72,Yes,42,3,43,11,1
852,Donny Ritchie,gonzalo19@fheiesit.com,1,23,3,4,71,No,11,12,37,4,6
853,Lacy Schoen,bwalker@neaeo.com,1,48,2,5,47,No,32,4,21,5,7
854,Jessica Anderson,osipes@plexvenet.com,3,27,2,2,56,No,32,6,6,10,1
855,Sven Nader,isadore.turcott@tunhide.com,1,42,1,4,52,Yes,13,12,33,4,1
856,Dr. Lempi,valentin80@emvil.com,5,47,3,6,1,No,41,4,20,3,7
857,Lillie Macejkovic,cartwright.robb@luddo.me,3,28,1,1,80,Yes,39,1,24,11,3
858,Dr. Eldred,brekke.savannah@tnecnw.com,5,25,1,5,34,Yes,2,5,17,12,7
859,Ms. Erica,cristobal67@otlaecc.com,4,42,1,1,41,Yes,5,8,43,5,6
860,Cierra Satterfield,roy.emard@isueir.com,3,32,3,6,3,Yes,19,7,9,5,4
861,Grover Marvin,bhessel@txtee.site,2,46,1,4,67,Yes,42,8,23,1,5
862,Columbus Will,clark.nader@luddo.me,5,21,3,4,41,Yes,40,5,16,9,7
863,Evangeline O'Hara,gorczany.genesi@bbtspage.com,1,28,3,4,30,No,32,4,42,6,2
864,Deondre Beatty,hettinger.geral@silnmy.com,4,34,3,2,23,Yes,2,0,43,5,2
865,Annabel Hermiston,stokes.ansley@pvmail.pw,4,30,2,2,13,No,31,6,32,5,7
866,Brittany Kautzer,jacobson.ilene@boranora.com,4,42,1,6,4,No,43,5,34,6,5
867,Dr. Kayli,april95@snapboosting.com,1,47,2,4,64,No,25,11,30,3,7
868,Fanny Beahan,grolfson@antawii.com,5,23,2,1,58,Yes,7,9,26,6,7
869,Ila Crist,schmitt.allene@athdn.com,3,38,1,2,64,No,35,1,3,10,1
870,Camden Barton,herminia78@tunhide.com,1,22,1,4,67,Yes,5,0,40,2,3
871,Rowland Gutkowski,jpfeffer@nalsci.com,4,50,3,3,71,No,6,1,25,10,5
872,Kiarra Skiles,hodkiewicz.luci@chantellegribbon.com,4,23,1,6,26,Yes,21,9,30,0,5
873,Catherine Bogan,gerhold.johnath@zipeo.site,4,37,1,2,87,No,26,7,5,1,6
874,Mitchel Raynor,mariane.hammes@tunhide.com,1,25,3,6,22,Yes,14,9,5,11,7
875,Bessie Price,gaston10@cheapnitros.com,3,46,2,6,47,Yes,9,7,4,8,7
876,Miss Sandra,kris.tobin@freeallapp.com,5,29,1,6,20,No,30,5,10,11,5
877,Stanford Hodkiewicz,tkuvalis@guitarsxltd.com,4,43,1,2,31,Yes,25,7,35,7,4
878,Janick Gleason,qbuckridge@sauhasc.com,4,21,2,3,62,No,36,12,27,12,2
879,Ashleigh Murazik,bosco.trent@pickuplanet.com,2,47,3,2,71,No,38,1,16,7,7
880,Carli White,tbergstrom@zaya.ga,4,41,3,3,54,No,43,11,26,2,6
881,Fatima Breitenberg,gturner@phtunneler.com,4,23,3,5,18,No,6,2,37,2,2
882,Cordia Mann,kayley40@zaya.ga,2,39,2,4,8,Yes,8,1,10,8,4
883,Jo McCullough,mable.graham@silnmy.com,4,25,1,3,18,No,37,5,16,4,7
884,Cory Buckridge,vwintheiser@santonicrotone.it,1,49,3,4,56,Yes,12,9,22,11,6
885,Maria Moen,stanton.julia@emvil.com,2,25,2,4,13,Yes,7,11,40,2,4
886,Addison Baumbach,khalvorson@txtee.site,3,30,1,5,21,No,27,10,30,3,7
887,Miss Kristy,jhoppe@nalsci.com,5,47,2,5,10,Yes,12,6,20,2,5
888,Sammy Lebsack,devon39@emvil.com,3,29,3,1,12,Yes,15,7,20,11,3
889,Arvid Kuhlman,roderick.nienow@pzuilop.de,2,46,2,1,19,Yes,22,8,11,11,3
890,Bianka Douglas,elaina40@santonicrotone.it,4,36,3,2,41,Yes,24,4,40,2,6
891,Lea Wyman,lebsack.lisandr@isueir.com,1,26,1,1,80,Yes,36,6,14,11,1
892,Mauricio Gerlach,bernita54@nalsci.com,2,24,2,2,54,Yes,36,11,20,8,4
893,Tavares Romaguera,reynolds.savana@tunhide.com,5,24,2,5,10,No,40,1,43,4,1
894,Mr. Noel,bosco.urban@hotmail.red,1,42,3,1,39,Yes,16,7,39,3,1
895,Marlen Dooley,maribel87@partnerct.com,2,33,3,2,17,No,8,12,37,12,7
896,Gwendolyn Dickens,pfeffer.dannie@antawii.com,5,43,2,2,15,No,42,8,28,5,3
897,Florian Hamill,lking@freeallapp.com,4,35,2,1,89,No,25,1,8,6,1
898,Mr. Kraig,mcdermott.demet@nonise.com,4,36,2,5,32,No,41,9,11,6,7
899,Lauryn Huels,ibrahim.stracke@btcmod.com,5,44,1,1,54,Yes,24,0,3,3,3
900,Vada Gorczany,cremin.ronny@antawii.com,3,32,2,3,29,No,16,11,42,5,4
901,Gus Von,estelle.trantow@mailpluss.com,3,24,1,4,49,Yes,15,2,29,5,6
902,Prof. Madisen,abel.fadel@filevino.com,2,37,3,2,60,Yes,6,7,12,7,2
903,Kenyatta Cronin,pfeffer.buford@isueir.com,5,26,1,2,45,No,35,5,16,5,7
904,Isom Kling,fleta.lowe@phtunneler.com,4,26,1,3,51,Yes,18,5,17,8,4
905,Virginie Reinger,istanton@antawii.com,1,32,2,5,6,No,38,6,36,5,6
906,Royce O'Conner,borer.deontae@btcmod.com,3,28,3,5,42,Yes,15,12,9,1,7
907,Betty Durgan,brionna59@guitarsxltd.com,1,37,2,4,85,No,10,0,27,1,4
908,Dr. Jamel,adell.roberts@hasevo.com,2,46,3,5,60,Yes,28,9,2,12,3
909,Alf Lowe,macejkovic.lavi@adaov.com,4,35,2,3,1,Yes,43,11,18,11,6
910,Jana Rodriguez,yweimann@pickuplanet.com,4,35,1,6,63,No,20,10,3,2,1
911,Mr. Alford,vconsidine@sauhasc.com,2,48,3,4,37,No,26,5,43,3,4
912,Brycen Jenkins,lynch.oren@ezybarber.com,1,22,2,3,42,Yes,20,11,34,7,1
913,Braden Schiller,lindgren.estel@luddo.me,2,46,2,1,39,No,15,4,16,8,3
914,Mabel Howell,onitzsche@tnecnw.com,3,46,2,5,7,No,2,9,21,1,5
915,Prof. Joany,mrowe@sauhasc.com,2,38,3,1,72,Yes,23,11,18,8,2
916,Angelita Hoppe,kaylie.hackett@eluvit.com,1,28,1,2,84,No,26,1,31,9,3
917,Mrs. Emmanuelle,humberto.zieman@ectong.xyz,5,42,3,3,54,Yes,23,2,43,1,6
918,Jensen Haag,magali34@snapboosting.com,5,22,3,3,13,No,35,1,16,11,3
919,Anastacio Emmerich,lindgren.phoebe@nonise.com,2,25,1,2,61,Yes,2,11,38,6,6
920,Prof. Carmine,kyla.hilll@eluvit.com,1,40,2,6,51,No,38,1,1,9,6
921,Dr. Oceane,adalberto.kulas@mercantravellers.com,3,31,2,2,65,Yes,30,6,32,9,4
922,Daniela Roberts,klocko.meta@drstshop.com,2,39,1,3,20,No,13,0,1,6,6
923,Raoul Hagenes,morn@lompikachi.com,5,26,3,1,89,No,25,7,8,8,6
924,Ms. Adaline,pedro07@hasevo.com,5,36,3,1,41,Yes,17,3,6,6,2
925,Kylie Schulist,wpredovic@chantellegribbon.com,2,38,2,6,73,Yes,25,1,30,10,2
926,Dr. Everardo,nstiedemann@ffo.kr,1,42,2,1,62,Yes,26,7,35,3,7
927,Prof. Norval,mccullough.mica@otlaecc.com,3,36,2,5,5,No,35,1,1,2,7
928,Bettie Gislason,chaz35@sgisfg.com,5,26,2,3,22,No,6,5,43,5,7
929,Prof. Brad,elfrieda.boehm@sgisfg.com,1,35,2,5,49,No,34,9,26,2,1
930,Cicero Pfannerstill,haylee.brakus@doczd.site,2,50,2,1,71,No,11,0,14,7,4
931,Prof. Juvenal,krice@emlppt.com,2,34,1,1,13,No,13,10,6,6,3
932,Tamia Ullrich,reba36@snapboosting.com,2,44,3,2,15,Yes,27,12,25,1,4
933,Clementina Turcotte,joaquin74@storemail.ml,5,45,1,6,26,Yes,6,6,39,12,2
934,Pearline Adams,wunsch.ramon@isueir.com,5,35,3,3,34,No,35,3,13,9,1
935,Eudora Graham,eudora57@btcmod.com,2,31,2,6,17,Yes,27,8,1,5,6
936,Finn Nolan,francesca.abshi@ciatico.site,5,48,2,3,16,Yes,7,4,24,2,5
937,Dr. Gust,london.hayes@ilrlb.com,4,31,3,4,8,Yes,26,5,35,9,3
938,Lizeth Stracke,ericka.schowalt@ifrghee.com,1,42,1,1,85,No,42,4,35,7,7
939,Ms. Joannie,yundt.ashley@isueir.com,3,44,1,4,39,No,28,5,25,4,5
940,Ms. Serenity,miller.wilford@hungta2.com,5,32,1,4,85,No,14,12,5,0,2
941,Ardella Rutherford,daniel.boyd@mexcool.com,5,46,3,3,78,No,20,7,10,8,6
942,Dr. Wilber,braun.scarlett@btcmod.com,4,44,3,5,42,No,33,10,17,0,7
943,Leo Adams,eldora35@perirh.com,3,41,3,6,35,Yes,17,3,11,11,6
944,Ervin Gutkowski,simonis.alice@vietkevin.com,1,40,1,3,9,Yes,29,3,41,4,7
945,Rosalinda Fritsch,enrico63@ichstet.com,1,33,1,3,72,Yes,29,1,29,4,2
946,Dr. Tomas,adam99@isueir.com,1,22,1,6,66,No,36,8,42,2,1
947,Jude Terry,filiberto69@emlppt.com,2,24,2,3,78,No,29,0,18,10,4
948,Dessie Grant,vmayert@ichstet.com,5,31,2,3,82,No,39,6,22,9,7
949,Kasandra Lakin,qcassin@silnmy.com,4,21,3,3,87,Yes,1,0,23,6,4
950,Adeline Williamson,martina08@ichstet.com,3,47,3,3,11,No,39,4,32,4,1
951,Amie Pfannerstill,justus.fadel@ilrlb.com,3,29,1,4,50,No,24,2,12,12,3
952,Earlene Hahn,larkin.jefferey@pvmail.pw,1,31,1,3,89,No,40,0,1,1,3
953,Lilly Graham,fcollins@mercantravellers.com,2,44,2,5,65,Yes,7,6,18,9,1
954,Mrs. Loma,humberto70@gmailpro.gq,2,22,1,5,34,No,3,4,21,6,5
955,Kieran Armstrong,sjast@doczd.site,2,38,2,1,79,Yes,17,8,1,9,3
956,Norbert Gibson,gay30@freeallapp.com,1,25,3,3,69,No,34,11,28,11,4
957,Delores Abernathy,michael03@posthectomie.info,5,50,2,6,85,No,28,3,5,9,7
958,Prof. Mitchell,schroeder.jared@sgisfg.com,1,47,3,3,24,No,35,3,28,10,7
959,Lonie Anderson,gibson.emmanuel@pzuilop.de,5,38,1,5,12,No,7,10,23,6,2
960,Katarina Weissnat,baumbach.jayson@ectong.xyz,4,49,1,4,79,Yes,26,1,9,8,7
961,Earnest Ankunding,serenity69@soccerfit.com,4,22,1,4,40,Yes,41,2,41,4,1
962,Mr. Cooper,fbrekke@unambiguous.net,2,41,2,4,81,No,7,2,17,6,5
963,Dr. Florida,hagenes.bill@chantellegribbon.com,3,35,2,3,49,Yes,22,2,37,12,1
964,Shaina Shields,owelch@fheiesit.com,4,44,2,4,13,Yes,10,11,30,10,3
965,Berry Miller,gulgowski.betti@snapboosting.com,4,38,3,5,82,No,12,9,27,7,1
966,Douglas Price,nfunk@ffo.kr,4,29,1,1,66,No,36,2,33,2,6
967,Prof. Emory,towne.jeffrey@filevino.com,4,30,1,5,4,Yes,16,3,43,3,5
968,Camylle Schaefer,pconroy@storemail.ml,3,33,1,4,88,No,16,5,9,11,7
969,Omari Kunze,bradford.johns@perirh.com,5,27,3,1,75,Yes,32,3,31,6,7
970,Ms. Macie,layne97@nonise.com,3,48,2,1,46,No,35,11,37,11,3
971,Mr. Unique,joan.rowe@pvmail.pw,4,28,3,1,75,No,21,8,37,6,6
972,Susan Schimmel,aklocko@cheapnitros.com,2,46,2,5,79,Yes,26,8,36,3,2
973,Mrs. Henriette,kunze.maddison@mailcuk.com,3,39,3,1,59,Yes,14,10,33,3,1
974,Abigayle Christiansen,bechtelar.macke@nonise.com,2,45,1,1,70,Yes,18,9,15,6,6
975,Vicenta Schaden,adrienne.weber@omdlism.com,3,27,2,6,2,Yes,26,3,1,1,6
976,Dr. Monserrat,jerrod47@unambiguous.net,1,28,1,6,67,Yes,39,6,8,6,7
977,Carolyne Satterfield,zdickinson@rheiop.com,3,24,3,3,63,Yes,27,7,28,6,7
978,Cordelia Cruickshank,cosinski@fheiesit.com,5,39,1,1,21,Yes,5,1,10,4,1
979,Prof. Liliana,dach.westley@unambiguous.net,4,33,3,3,12,Yes,14,6,15,11,7
980,Maude Bogan,daniel.jocelyn@debb.me,5,37,3,1,80,No,35,11,37,0,4
981,Hailey Jaskolski,rashawn.huels@rheiop.com,3,24,1,2,61,Yes,39,0,32,3,7
982,Prof. Regan,adelle36@debb.me,4,42,3,5,52,No,10,0,43,12,5
983,Dr. Cristopher,zcollins@ichstet.com,4,43,3,6,84,Yes,26,12,24,7,4
984,Miss Lottie,reynolds.dandre@perirh.com,2,47,2,2,80,No,33,2,22,7,2
985,Ms. Shanel,gklein@perirh.com,5,29,3,5,85,Yes,2,12,43,3,6
986,Dr. Nat,baumbach.nicole@unambiguous.net,4,43,1,3,87,No,3,7,20,4,5
987,Zoe Berge,auer.brennan@ffo.kr,5,41,3,1,50,Yes,3,8,31,11,6
988,Winona Koss,frice@pzuilop.de,5,41,3,2,62,Yes,6,2,33,6,3
989,Buster Schiller,mmcdermott@drstshop.com,3,23,2,1,30,Yes,9,4,12,8,1
990,Paula Wuckert,donald.hyatt@mailpluss.com,1,50,1,4,46,No,23,4,27,6,1
991,Else Dickens,mafalda.lang@nonise.com,1,47,2,5,33,No,38,10,7,12,5
992,Astrid Schiller,isidro74@cloudscredit.com,3,49,2,4,20,No,43,5,29,0,7
993,Prof. Imelda,samson.beier@cheapnitros.com,2,39,1,1,17,No,7,3,4,9,4
994,Catalina Rolfson,ywilkinson@fheiesit.com,2,43,2,5,64,Yes,36,1,3,7,1
995,Prof. Karson,mireya.bashiria@perirh.com,1,44,3,4,26,No,4,7,20,7,4
996,Maymie Graham,alexie74@ffo.kr,2,46,2,4,55,No,14,3,1,9,2
997,Kenya McLaughlin,paxton81@rheiop.com,2,38,3,5,78,No,42,8,32,12,7
998,Margarette Hackett,nash18@ichstet.com,1,40,2,2,15,No,31,10,16,0,2
999,Dr. Tiara,davis.jessica@mailcuk.com,3,26,2,3,74,No,36,7,42,3,1
1000,Isobel McLaughlin,triston.thompso@isueir.com,4,21,2,2,16,Yes,27,3,6,0,3
